user_id,score_ew,score_cw,score_aw,class,class_group,org_id,organization_name
121740,30,30,30,XII,Senior Secondary,2,The Millennium School Lucknow
121747,30,30,30,XII,Senior Secondary,2,The Millennium School Lucknow
121836,33,37,37,XII,Senior Secondary,2,The Millennium School Lucknow
121838,31,38,31,XII,Senior Secondary,2,The Millennium School Lucknow
121892,31,31,30,XII,Senior Secondary,2,The Millennium School Lucknow
121902,27,39,34,XII,Senior Secondary,2,The Millennium School Lucknow
121921,30,30,30,XII,Senior Secondary,2,The Millennium School Lucknow
121922,35,48,38,XII,Senior Secondary,2,The Millennium School Lucknow
121928,33,36,34,XII,Senior Secondary,2,The Millennium School Lucknow
121931,33,39,34,XII,Senior Secondary,2,The Millennium School Lucknow
121941,35,40,32,XII,Senior Secondary,2,The Millennium School Lucknow
121950,38,42,40,XII,Senior Secondary,2,The Millennium School Lucknow
121957,30,30,30,XII,Senior Secondary,2,The Millennium School Lucknow
121995,28,30,29,XII,Senior Secondary,2,The Millennium School Lucknow
122004,30,41,33,XII,Senior Secondary,2,The Millennium School Lucknow
122072,44,43,41,XII,Senior Secondary,2,The Millennium School Lucknow
122073,31,33,32,XI,Senior Secondary,2,The Millennium School Lucknow
122095,27,34,31,XI,Senior Secondary,2,The Millennium School Lucknow
122107,30,42,33,XI,Senior Secondary,2,The Millennium School Lucknow
122120,24,42,32,XII,Senior Secondary,2,The Millennium School Lucknow
122121,27,32,23,XI,Senior Secondary,2,The Millennium School Lucknow
122124,30,30,30,XII,Senior Secondary,2,The Millennium School Lucknow
122129,33,45,30,XII,Senior Secondary,2,The Millennium School Lucknow
122139,43,36,25,XI,Senior Secondary,2,The Millennium School Lucknow
122140,34,30,26,XI,Senior Secondary,2,The Millennium School Lucknow
122142,21,33,27,XII,Senior Secondary,2,The Millennium School Lucknow
122145,32,40,34,XII,Senior Secondary,2,The Millennium School Lucknow
122156,21,46,30,XII,Senior Secondary,2,The Millennium School Lucknow
122180,34,41,34,XII,Senior Secondary,2,The Millennium School Lucknow
122204,30,33,33,XII,Senior Secondary,2,The Millennium School Lucknow
122219,31,36,30,XI,Senior Secondary,2,The Millennium School Lucknow
122223,33,31,31,XII,Senior Secondary,2,The Millennium School Lucknow
122224,22,33,26,XI,Senior Secondary,2,The Millennium School Lucknow
122227,35,40,34,XII,Senior Secondary,2,The Millennium School Lucknow
122247,35,44,39,XII,Senior Secondary,2,The Millennium School Lucknow
122251,23,47,33,XI,Senior Secondary,2,The Millennium School Lucknow
122266,34,41,37,XII,Senior Secondary,2,The Millennium School Lucknow
122301,20,38,29,X,Secondary,2,The Millennium School Lucknow
122310,30,30,30,XII,Senior Secondary,2,The Millennium School Lucknow
122311,30,22,30,XII,Senior Secondary,2,The Millennium School Lucknow
122314,30,30,30,XII,Senior Secondary,2,The Millennium School Lucknow
122322,35,40,30,XII,Senior Secondary,2,The Millennium School Lucknow
122364,32,44,39,XII,Senior Secondary,2,The Millennium School Lucknow
122382,31,39,40,XII,Senior Secondary,2,The Millennium School Lucknow
122383,28,42,29,X,Secondary,2,The Millennium School Lucknow
122389,18,39,26,XI,Senior Secondary,2,The Millennium School Lucknow
122390,34,37,34,XI,Senior Secondary,2,The Millennium School Lucknow
122399,39,45,42,XII,Senior Secondary,2,The Millennium School Lucknow
122405,34,41,29,XII,Senior Secondary,2,The Millennium School Lucknow
122418,22,33,21,XI,Senior Secondary,2,The Millennium School Lucknow
122419,38,38,40,XI,Senior Secondary,2,The Millennium School Lucknow
122421,39,39,40,XII,Senior Secondary,2,The Millennium School Lucknow
122425,43,46,36,XII,Senior Secondary,2,The Millennium School Lucknow
122431,32,40,36,XII,Senior Secondary,2,The Millennium School Lucknow
122450,38,43,39,XII,Senior Secondary,2,The Millennium School Lucknow
122454,31,43,37,XII,Senior Secondary,2,The Millennium School Lucknow
122455,36,40,37,XI,Senior Secondary,2,The Millennium School Lucknow
122456,31,38,34,XI,Senior Secondary,2,The Millennium School Lucknow
122476,23,32,22,XII,Senior Secondary,2,The Millennium School Lucknow
122478,30,30,30,XII,Senior Secondary,2,The Millennium School Lucknow
122489,28,35,39,X,Secondary,2,The Millennium School Lucknow
122492,43,41,34,X,Secondary,2,The Millennium School Lucknow
122498,30,30,30,XII,Senior Secondary,2,The Millennium School Lucknow
122507,36,43,40,X,Secondary,2,The Millennium School Lucknow
122527,32,46,38,XII,Senior Secondary,2,The Millennium School Lucknow
122530,37,36,34,XI,Senior Secondary,2,The Millennium School Lucknow
122543,24,35,29,X,Secondary,2,The Millennium School Lucknow
122554,33,41,33,XII,Senior Secondary,2,The Millennium School Lucknow
122555,36,41,36,XII,Senior Secondary,2,The Millennium School Lucknow
122560,38,40,38,X,Secondary,2,The Millennium School Lucknow
122563,29,40,33,XII,Senior Secondary,2,The Millennium School Lucknow
122567,30,28,27,XII,Senior Secondary,2,The Millennium School Lucknow
122571,41,41,48,X,Secondary,2,The Millennium School Lucknow
122575,28,31,30,XI,Senior Secondary,2,The Millennium School Lucknow
122582,31,32,29,XI,Senior Secondary,2,The Millennium School Lucknow
122605,32,45,30,XII,Senior Secondary,2,The Millennium School Lucknow
122625,31,41,34,X,Secondary,2,The Millennium School Lucknow
122638,29,39,27,XI,Senior Secondary,2,The Millennium School Lucknow
122644,38,42,36,XII,Senior Secondary,2,The Millennium School Lucknow
122654,20,37,27,XI,Senior Secondary,2,The Millennium School Lucknow
122656,34,44,34,XII,Senior Secondary,2,The Millennium School Lucknow
122663,35,45,36,XII,Senior Secondary,2,The Millennium School Lucknow
122673,36,36,28,X,Secondary,2,The Millennium School Lucknow
122683,28,34,26,XI,Senior Secondary,2,The Millennium School Lucknow
122684,32,50,43,XII,Senior Secondary,2,The Millennium School Lucknow
122688,32,31,24,X,Secondary,2,The Millennium School Lucknow
122706,29,34,35,XI,Senior Secondary,2,The Millennium School Lucknow
122715,26,30,32,XII,Senior Secondary,2,The Millennium School Lucknow
122721,41,46,37,XII,Senior Secondary,2,The Millennium School Lucknow
122722,28,43,30,XII,Senior Secondary,2,The Millennium School Lucknow
122741,38,44,35,IX,Secondary,2,The Millennium School Lucknow
122748,29,41,30,XII,Senior Secondary,2,The Millennium School Lucknow
122753,34,39,38,IX,Secondary,2,The Millennium School Lucknow
122754,36,37,32,IX,Secondary,2,The Millennium School Lucknow
122765,36,37,40,XI,Senior Secondary,2,The Millennium School Lucknow
122777,34,43,41,X,Secondary,2,The Millennium School Lucknow
122785,27,23,33,X,Secondary,2,The Millennium School Lucknow
122786,31,41,32,IX,Secondary,2,The Millennium School Lucknow
122791,37,39,44,X,Secondary,2,The Millennium School Lucknow
122794,33,38,37,XI,Senior Secondary,2,The Millennium School Lucknow
122818,36,37,32,X,Secondary,2,The Millennium School Lucknow
122820,30,29,30,XII,Senior Secondary,2,The Millennium School Lucknow
122822,32,34,29,XII,Senior Secondary,2,The Millennium School Lucknow
122828,37,40,37,XI,Senior Secondary,2,The Millennium School Lucknow
122831,36,34,32,IX,Secondary,2,The Millennium School Lucknow
122832,36,39,38,IX,Secondary,2,The Millennium School Lucknow
122834,39,37,29,IX,Secondary,2,The Millennium School Lucknow
122838,28,38,27,XII,Senior Secondary,2,The Millennium School Lucknow
122843,20,43,36,X,Secondary,2,The Millennium School Lucknow
122854,31,39,36,XII,Senior Secondary,2,The Millennium School Lucknow
122856,38,45,36,XII,Senior Secondary,2,The Millennium School Lucknow
122864,45,46,43,X,Secondary,2,The Millennium School Lucknow
122875,30,30,30,XII,Senior Secondary,2,The Millennium School Lucknow
122876,40,38,44,X,Secondary,2,The Millennium School Lucknow
122877,31,43,40,VIII,Middle,2,The Millennium School Lucknow
122886,29,34,36,X,Secondary,2,The Millennium School Lucknow
122899,35,45,35,X,Secondary,2,The Millennium School Lucknow
122908,31,42,42,XI,Senior Secondary,2,The Millennium School Lucknow
122919,36,40,35,IX,Secondary,2,The Millennium School Lucknow
122920,27,34,32,VI,Middle,2,The Millennium School Lucknow
122921,36,39,31,X,Secondary,2,The Millennium School Lucknow
122925,34,42,31,XII,Senior Secondary,2,The Millennium School Lucknow
122930,34,37,36,X,Secondary,2,The Millennium School Lucknow
122931,34,45,32,XII,Senior Secondary,2,The Millennium School Lucknow
122956,39,46,46,X,Secondary,2,The Millennium School Lucknow
122969,33,39,40,X,Secondary,2,The Millennium School Lucknow
122973,32,44,42,X,Secondary,2,The Millennium School Lucknow
122980,34,30,36,VI,Middle,2,The Millennium School Lucknow
122983,41,43,46,VII,Middle,2,The Millennium School Lucknow
122984,30,40,28,XI,Senior Secondary,2,The Millennium School Lucknow
122985,41,38,32,X,Secondary,2,The Millennium School Lucknow
123016,33,40,37,X,Secondary,2,The Millennium School Lucknow
123017,21,40,34,X,Secondary,2,The Millennium School Lucknow
123035,42,43,41,X,Secondary,2,The Millennium School Lucknow
123039,46,43,45,X,Secondary,2,The Millennium School Lucknow
123057,30,41,39,IX,Secondary,2,The Millennium School Lucknow
123063,31,36,31,X,Secondary,2,The Millennium School Lucknow
123064,30,33,32,X,Secondary,2,The Millennium School Lucknow
123074,39,39,34,X,Secondary,2,The Millennium School Lucknow
123082,33,42,28,XII,Senior Secondary,2,The Millennium School Lucknow
123085,25,36,27,XI,Senior Secondary,2,The Millennium School Lucknow
123086,29,32,36,IX,Secondary,2,The Millennium School Lucknow
123094,25,36,35,X,Secondary,2,The Millennium School Lucknow
123096,42,37,38,X,Secondary,2,The Millennium School Lucknow
123100,38,36,36,VIII,Middle,2,The Millennium School Lucknow
123101,36,43,41,X,Secondary,2,The Millennium School Lucknow
123106,39,40,42,VIII,Middle,2,The Millennium School Lucknow
123107,35,42,40,X,Secondary,2,The Millennium School Lucknow
123112,15,40,25,XI,Senior Secondary,2,The Millennium School Lucknow
123124,40,41,39,X,Secondary,2,The Millennium School Lucknow
123137,24,32,30,VIII,Middle,2,The Millennium School Lucknow
123139,37,42,35,IX,Secondary,2,The Millennium School Lucknow
123146,38,43,38,VIII,Middle,2,The Millennium School Lucknow
123158,30,30,31,X,Secondary,2,The Millennium School Lucknow
123167,38,41,37,IX,Secondary,2,The Millennium School Lucknow
123178,38,43,35,VII,Middle,2,The Millennium School Lucknow
123195,26,37,31,IX,Secondary,2,The Millennium School Lucknow
123204,30,27,29,VIII,Middle,2,The Millennium School Lucknow
123206,35,45,45,X,Secondary,2,The Millennium School Lucknow
123215,36,45,40,IX,Secondary,2,The Millennium School Lucknow
123220,40,46,46,X,Secondary,2,The Millennium School Lucknow
123222,39,42,36,VIII,Middle,2,The Millennium School Lucknow
123228,38,33,40,VIII,Middle,2,The Millennium School Lucknow
123229,35,35,31,IX,Secondary,2,The Millennium School Lucknow
123233,30,30,30,XII,Senior Secondary,2,The Millennium School Lucknow
123234,35,42,36,VIII,Middle,2,The Millennium School Lucknow
123242,39,37,41,X,Secondary,2,The Millennium School Lucknow
123258,33,41,36,X,Secondary,2,The Millennium School Lucknow
123268,40,45,44,VIII,Middle,2,The Millennium School Lucknow
123273,37,37,40,VIII,Middle,2,The Millennium School Lucknow
123275,38,47,40,X,Secondary,2,The Millennium School Lucknow
123276,28,39,28,X,Secondary,2,The Millennium School Lucknow
123280,33,36,34,IX,Secondary,2,The Millennium School Lucknow
123292,34,36,26,X,Secondary,2,The Millennium School Lucknow
123304,32,40,28,IX,Secondary,2,The Millennium School Lucknow
123315,42,45,40,IX,Secondary,2,The Millennium School Lucknow
123324,27,39,33,X,Secondary,2,The Millennium School Lucknow
123330,32,44,40,IX,Secondary,2,The Millennium School Lucknow
123340,30,44,36,XI,Senior Secondary,2,The Millennium School Lucknow
123344,37,45,40,VIII,Middle,2,The Millennium School Lucknow
123351,33,40,35,VI,Middle,2,The Millennium School Lucknow
123356,37,38,39,VIII,Middle,2,The Millennium School Lucknow
123365,34,41,38,IX,Secondary,2,The Millennium School Lucknow
123368,44,44,45,X,Secondary,2,The Millennium School Lucknow
123372,44,46,40,VIII,Middle,2,The Millennium School Lucknow
123379,31,48,43,VII,Middle,2,The Millennium School Lucknow
123388,42,44,44,IX,Secondary,2,The Millennium School Lucknow
123399,36,37,36,VIII,Middle,2,The Millennium School Lucknow
123400,23,34,34,XII,Senior Secondary,2,The Millennium School Lucknow
123403,36,36,39,VIII,Middle,2,The Millennium School Lucknow
123407,37,40,43,VII,Middle,2,The Millennium School Lucknow
123414,44,46,44,VII,Middle,2,The Millennium School Lucknow
123415,34,34,26,VIII,Middle,2,The Millennium School Lucknow
123416,42,47,44,X,Secondary,2,The Millennium School Lucknow
123434,45,46,32,VIII,Middle,2,The Millennium School Lucknow
123435,35,44,38,X,Secondary,2,The Millennium School Lucknow
123436,38,30,32,XII,Senior Secondary,2,The Millennium School Lucknow
123438,38,36,30,IX,Secondary,2,The Millennium School Lucknow
123439,35,43,44,IX,Secondary,2,The Millennium School Lucknow
123442,32,42,42,IX,Secondary,2,The Millennium School Lucknow
123445,37,38,38,X,Secondary,2,The Millennium School Lucknow
123447,27,31,37,X,Secondary,2,The Millennium School Lucknow
123448,38,41,44,VIII,Middle,2,The Millennium School Lucknow
123451,30,40,35,VIII,Middle,2,The Millennium School Lucknow
123468,40,45,46,X,Secondary,2,The Millennium School Lucknow
123472,31,33,30,IX,Secondary,2,The Millennium School Lucknow
123478,23,32,31,VIII,Middle,2,The Millennium School Lucknow
123484,25,34,25,XII,Senior Secondary,2,The Millennium School Lucknow
123496,36,45,42,IX,Secondary,2,The Millennium School Lucknow
123507,35,42,34,XII,Senior Secondary,2,The Millennium School Lucknow
123517,34,40,46,VII,Middle,2,The Millennium School Lucknow
123520,37,38,37,XII,Senior Secondary,2,The Millennium School Lucknow
123521,35,40,34,IX,Secondary,2,The Millennium School Lucknow
123522,28,29,27,XII,Senior Secondary,2,The Millennium School Lucknow
123570,34,43,46,VIII,Middle,2,The Millennium School Lucknow
123577,32,39,41,VIII,Middle,2,The Millennium School Lucknow
123589,37,41,38,VIII,Middle,2,The Millennium School Lucknow
123620,41,43,42,VIII,Middle,2,The Millennium School Lucknow
123644,31,44,31,XII,Senior Secondary,2,The Millennium School Lucknow
123658,37,43,41,X,Secondary,2,The Millennium School Lucknow
123663,30,35,40,VII,Middle,2,The Millennium School Lucknow
123666,41,42,45,VII,Middle,2,The Millennium School Lucknow
123668,39,46,44,VIII,Middle,2,The Millennium School Lucknow
123681,38,45,42,XI,Senior Secondary,2,The Millennium School Lucknow
123685,27,23,20,X,Secondary,2,The Millennium School Lucknow
123686,31,29,40,VI,Middle,2,The Millennium School Lucknow
123693,41,45,43,X,Secondary,2,The Millennium School Lucknow
123705,30,44,32,VIII,Middle,2,The Millennium School Lucknow
123709,30,37,36,VII,Middle,2,The Millennium School Lucknow
123732,23,38,31,X,Secondary,2,The Millennium School Lucknow
123733,33,43,40,VIII,Middle,2,The Millennium School Lucknow
123734,46,42,41,VIII,Middle,2,The Millennium School Lucknow
123739,37,44,33,VII,Middle,2,The Millennium School Lucknow
123750,41,36,38,IX,Secondary,2,The Millennium School Lucknow
123790,37,46,45,VIII,Middle,2,The Millennium School Lucknow
123824,26,38,32,IX,Secondary,2,The Millennium School Lucknow
123828,30,34,30,XI,Senior Secondary,2,The Millennium School Lucknow
123856,31,41,37,X,Secondary,2,The Millennium School Lucknow
123860,29,34,26,IX,Secondary,2,The Millennium School Lucknow
123872,33,41,31,VIII,Middle,2,The Millennium School Lucknow
123875,45,42,44,VIII,Middle,2,The Millennium School Lucknow
123903,30,34,30,XII,Senior Secondary,2,The Millennium School Lucknow
123904,28,41,28,XI,Senior Secondary,2,The Millennium School Lucknow
123913,23,35,33,X,Secondary,2,The Millennium School Lucknow
123921,29,31,34,XII,Senior Secondary,2,The Millennium School Lucknow
123926,43,43,32,X,Secondary,2,The Millennium School Lucknow
123934,29,34,30,XII,Senior Secondary,2,The Millennium School Lucknow
123966,27,38,30,VI,Middle,2,The Millennium School Lucknow
123976,41,40,41,VIII,Middle,2,The Millennium School Lucknow
123980,29,28,31,VIII,Middle,2,The Millennium School Lucknow
123983,32,36,34,IX,Secondary,2,The Millennium School Lucknow
124002,37,39,43,X,Secondary,2,The Millennium School Lucknow
124026,39,38,32,X,Secondary,2,The Millennium School Lucknow
124066,32,40,37,IX,Secondary,2,The Millennium School Lucknow
124079,28,47,35,XII,Senior Secondary,2,The Millennium School Lucknow
124102,38,38,35,VIII,Middle,3,"The Millennium School, Noida 41"
124115,31,36,28,VIII,Middle,3,"The Millennium School, Noida 41"
124132,33,41,42,VIII,Middle,3,"The Millennium School, Noida 41"
124327,31,43,40,X,Secondary,3,"The Millennium School, Noida 41"
124829,38,38,40,VI,Middle,3,"The Millennium School, Noida 41"
124881,33,40,36,VIII,Middle,2,The Millennium School Lucknow
124898,36,40,36,IX,Secondary,4,"The Millennium School, Panipat"
124899,42,46,43,IX,Secondary,4,"The Millennium School, Panipat"
124900,28,35,33,X,Secondary,4,"The Millennium School, Panipat"
124918,36,41,37,IX,Secondary,4,"The Millennium School, Panipat"
124942,31,38,38,VI,Middle,4,"The Millennium School, Panipat"
124976,44,45,48,VII,Middle,4,"The Millennium School, Panipat"
124979,38,33,37,VII,Middle,4,"The Millennium School, Panipat"
125000,30,42,46,VIII,Middle,4,"The Millennium School, Panipat"
125001,28,33,31,VIII,Middle,4,"The Millennium School, Panipat"
125051,32,42,40,IX,Secondary,4,"The Millennium School, Panipat"
125052,28,39,30,IX,Secondary,4,"The Millennium School, Panipat"
125053,33,41,46,IX,Secondary,4,"The Millennium School, Panipat"
125056,28,34,25,IX,Secondary,4,"The Millennium School, Panipat"
125057,33,46,32,IX,Secondary,4,"The Millennium School, Panipat"
125067,38,38,28,IX,Secondary,4,"The Millennium School, Panipat"
125068,34,35,31,IX,Secondary,4,"The Millennium School, Panipat"
125073,35,41,38,IX,Secondary,4,"The Millennium School, Panipat"
125084,34,40,39,IX,Secondary,4,"The Millennium School, Panipat"
125088,36,41,38,IX,Secondary,4,"The Millennium School, Panipat"
125089,44,40,33,IX,Secondary,4,"The Millennium School, Panipat"
125092,34,41,35,IX,Secondary,4,"The Millennium School, Panipat"
125094,41,41,39,IX,Secondary,4,"The Millennium School, Panipat"
125096,41,41,37,IX,Secondary,4,"The Millennium School, Panipat"
125099,31,40,34,X,Secondary,4,"The Millennium School, Panipat"
125121,28,34,34,X,Secondary,4,"The Millennium School, Panipat"
125123,32,31,34,X,Secondary,4,"The Millennium School, Panipat"
125133,28,39,34,X,Secondary,4,"The Millennium School, Panipat"
125213,30,39,37,XII,Senior Secondary,4,"The Millennium School, Panipat"
125214,27,37,28,XII,Senior Secondary,4,"The Millennium School, Panipat"
125231,38,42,41,XII,Senior Secondary,4,"The Millennium School, Panipat"
125238,35,37,38,XII,Senior Secondary,4,"The Millennium School, Panipat"
125243,27,38,32,XII,Senior Secondary,4,"The Millennium School, Panipat"
125245,36,43,32,XII,Senior Secondary,4,"The Millennium School, Panipat"
125248,29,36,34,XII,Senior Secondary,4,"The Millennium School, Panipat"
125263,32,40,34,XII,Senior Secondary,4,"The Millennium School, Panipat"
125271,32,34,30,XII,Senior Secondary,4,"The Millennium School, Panipat"
125280,25,34,31,XII,Senior Secondary,4,"The Millennium School, Panipat"
125286,28,40,31,XII,Senior Secondary,4,"The Millennium School, Panipat"
125287,38,43,36,XII,Senior Secondary,4,"The Millennium School, Panipat"
134640,38,40,39,XII,Senior Secondary,4,"The Millennium School, Panipat"
136660,41,40,34,VII,Middle,13,"The Shriram Millennium School, Noida-135"
136664,24,39,32,VII,Middle,13,"The Shriram Millennium School, Noida-135"
136904,25,33,24,VIII,Middle,13,"The Shriram Millennium School, Noida-135"
136906,34,38,40,VIII,Middle,13,"The Shriram Millennium School, Noida-135"
137058,39,41,38,IX,Secondary,13,"The Shriram Millennium School, Noida-135"
137090,28,39,28,X,Secondary,13,"The Shriram Millennium School, Noida-135"
137138,38,34,36,X,Secondary,13,"The Shriram Millennium School, Noida-135"
145003,47,37,39,XII,Senior Secondary,22,The Psbb Millennium School Omr
145013,32,34,33,XII,Senior Secondary,22,The Psbb Millennium School Omr
145199,32,33,30,X,Secondary,22,The Psbb Millennium School Omr
145201,26,29,19,X,Secondary,22,The Psbb Millennium School Omr
145242,42,40,40,X,Secondary,22,The Psbb Millennium School Omr
145358,34,39,36,X,Secondary,22,The Psbb Millennium School Omr
145516,29,38,31,VII,Middle,22,The Psbb Millennium School Omr
145834,31,38,32,VIII,Middle,22,The Psbb Millennium School Omr
145891,30,38,33,VIII,Middle,22,The Psbb Millennium School Omr
145907,27,37,42,VIII,Middle,22,The Psbb Millennium School Omr
146319,43,40,39,XI,Senior Secondary,22,The Psbb Millennium School Omr
146868,39,41,30,VI,Middle,22,The Psbb Millennium School Omr
153682,37,38,28,IX,Secondary,35,"The Millennium School, Bathinda"
153684,36,38,32,VIII,Middle,35,"The Millennium School, Bathinda"
153759,27,33,30,VIII,Middle,35,"The Millennium School, Bathinda"
153760,30,26,30,IX,Secondary,35,"The Millennium School, Bathinda"
153869,23,39,35,X,Secondary,35,"The Millennium School, Bathinda"
153890,43,38,35,X,Secondary,35,"The Millennium School, Bathinda"
153919,36,38,38,X,Secondary,35,"The Millennium School, Bathinda"
153943,24,41,20,XI,Senior Secondary,35,"The Millennium School, Bathinda"
159307,37,31,33,XII,Senior Secondary,1,Mussoorie International School
159311,24,42,30,XII,Senior Secondary,1,Mussoorie International School
159315,33,35,33,XII,Senior Secondary,1,Mussoorie International School
161378,25,39,28,X,Secondary,44,"The Millennium School, Patiala"
161438,33,38,32,IX,Secondary,44,"The Millennium School, Patiala"
161577,29,31,29,IX,Secondary,44,"The Millennium School, Patiala"
161579,33,37,32,IX,Secondary,44,"The Millennium School, Patiala"
161686,19,32,30,IX,Secondary,44,"The Millennium School, Patiala"
161722,30,41,32,VIII,Middle,44,"The Millennium School, Patiala"
161907,35,34,36,IX,Secondary,45,"The Millennium School, Kurukshetra"
162051,32,33,36,XII,Senior Secondary,45,"The Millennium School, Kurukshetra"
162075,22,43,33,XI,Senior Secondary,45,"The Millennium School, Kurukshetra"
162230,26,30,20,XII,Senior Secondary,45,"The Millennium School, Kurukshetra"
163240,30,35,31,XII,Senior Secondary,47,The Psbb Millennium Coimbatore
163253,30,31,30,XII,Senior Secondary,47,The Psbb Millennium Coimbatore
163536,25,37,33,XII,Senior Secondary,47,The Psbb Millennium Coimbatore
163572,32,38,28,X,Secondary,47,The Psbb Millennium Coimbatore
163945,32,37,31,XI,Senior Secondary,47,The Psbb Millennium Coimbatore
163954,35,42,41,XI,Senior Secondary,47,The Psbb Millennium Coimbatore
164012,36,37,38,XI,Senior Secondary,47,The Psbb Millennium Coimbatore
164027,28,31,32,XI,Senior Secondary,47,The Psbb Millennium Coimbatore
164095,27,32,32,XI,Senior Secondary,47,The Psbb Millennium Coimbatore
164298,33,35,33,XI,Senior Secondary,47,The Psbb Millennium Coimbatore
164315,37,39,39,XII,Senior Secondary,47,The Psbb Millennium Coimbatore
164329,25,47,28,XI,Senior Secondary,47,The Psbb Millennium Coimbatore
164360,25,35,31,X,Secondary,47,The Psbb Millennium Coimbatore
164368,38,39,41,X,Secondary,47,The Psbb Millennium Coimbatore
164385,31,36,32,X,Secondary,47,The Psbb Millennium Coimbatore
164417,40,42,45,X,Secondary,47,The Psbb Millennium Coimbatore
164431,41,37,40,X,Secondary,47,The Psbb Millennium Coimbatore
164452,30,31,26,X,Secondary,47,The Psbb Millennium Coimbatore
164453,14,26,25,X,Secondary,47,The Psbb Millennium Coimbatore
164466,31,36,32,X,Secondary,47,The Psbb Millennium Coimbatore
164473,30,29,31,X,Secondary,47,The Psbb Millennium Coimbatore
164500,29,31,31,XII,Senior Secondary,47,The Psbb Millennium Coimbatore
164561,27,36,31,XII,Senior Secondary,47,The Psbb Millennium Coimbatore
164643,35,46,36,X,Secondary,47,The Psbb Millennium Coimbatore
164672,38,33,36,IX,Secondary,47,The Psbb Millennium Coimbatore
164675,34,36,31,VIII,Middle,47,The Psbb Millennium Coimbatore
164676,39,44,42,IX,Secondary,47,The Psbb Millennium Coimbatore
164678,31,39,33,X,Secondary,47,The Psbb Millennium Coimbatore
164679,35,41,38,IX,Secondary,47,The Psbb Millennium Coimbatore
164693,27,30,33,X,Secondary,47,The Psbb Millennium Coimbatore
164714,29,39,28,X,Secondary,47,The Psbb Millennium Coimbatore
164758,34,39,32,IX,Secondary,47,The Psbb Millennium Coimbatore
164814,39,44,39,XI,Senior Secondary,47,The Psbb Millennium Coimbatore
164837,30,34,29,X,Secondary,47,The Psbb Millennium Coimbatore
166212,37,38,40,VIII,Middle,49,"Psbb Lla, Bengaluru"
166217,37,43,38,VIII,Middle,49,"Psbb Lla, Bengaluru"
166297,34,38,26,VIII,Middle,49,"Psbb Lla, Bengaluru"
166331,36,36,35,VIII,Middle,49,"Psbb Lla, Bengaluru"
166335,39,40,34,VII,Middle,49,"Psbb Lla, Bengaluru"
166692,35,45,46,VII,Middle,49,"Psbb Lla, Bengaluru"
166811,33,39,33,VIII,Middle,49,"Psbb Lla, Bengaluru"
166824,33,40,29,VIII,Middle,49,"Psbb Lla, Bengaluru"
166876,25,24,20,VII,Middle,49,"Psbb Lla, Bengaluru"
166963,39,41,43,IX,Secondary,49,"Psbb Lla, Bengaluru"
167076,31,36,32,VII,Middle,49,"Psbb Lla, Bengaluru"
167092,29,35,36,IX,Secondary,49,"Psbb Lla, Bengaluru"
167109,35,38,36,IX,Secondary,49,"Psbb Lla, Bengaluru"
167141,34,26,35,IX,Secondary,49,"Psbb Lla, Bengaluru"
167156,36,36,37,X,Secondary,49,"Psbb Lla, Bengaluru"
167164,36,37,34,X,Secondary,49,"Psbb Lla, Bengaluru"
167323,40,45,37,X,Secondary,49,"Psbb Lla, Bengaluru"
167342,38,34,36,X,Secondary,49,"Psbb Lla, Bengaluru"
167349,35,31,28,X,Secondary,49,"Psbb Lla, Bengaluru"
167402,37,38,34,X,Secondary,49,"Psbb Lla, Bengaluru"
167420,29,34,29,XI,Senior Secondary,49,"Psbb Lla, Bengaluru"
167429,31,35,36,XI,Senior Secondary,49,"Psbb Lla, Bengaluru"
167506,32,46,34,XI,Senior Secondary,49,"Psbb Lla, Bengaluru"
167510,32,34,31,X,Secondary,49,"Psbb Lla, Bengaluru"
167579,30,38,35,XI,Senior Secondary,49,"Psbb Lla, Bengaluru"
167592,29,36,32,X,Secondary,49,"Psbb Lla, Bengaluru"
167608,33,36,33,XII,Senior Secondary,49,"Psbb Lla, Bengaluru"
167659,37,37,33,XII,Senior Secondary,49,"Psbb Lla, Bengaluru"
167708,28,39,29,XII,Senior Secondary,49,"Psbb Lla, Bengaluru"
167770,30,31,28,XII,Senior Secondary,49,"Psbb Lla, Bengaluru"
167973,41,33,24,XII,Senior Secondary,49,"Psbb Lla, Bengaluru"
168152,36,40,36,XII,Senior Secondary,49,"Psbb Lla, Bengaluru"
168171,30,34,30,XII,Senior Secondary,49,"Psbb Lla, Bengaluru"
169096,29,42,34,VIII,Middle,50,"The Psbb Millennium Gerugambakkam, Chennai"
169120,29,23,26,IX,Secondary,50,"The Psbb Millennium Gerugambakkam, Chennai"
169130,37,37,36,IX,Secondary,50,"The Psbb Millennium Gerugambakkam, Chennai"
169191,34,38,36,IX,Secondary,50,"The Psbb Millennium Gerugambakkam, Chennai"
169226,43,46,50,VIII,Middle,50,"The Psbb Millennium Gerugambakkam, Chennai"
169246,31,35,32,IX,Secondary,50,"The Psbb Millennium Gerugambakkam, Chennai"
169291,38,41,38,VIII,Middle,50,"The Psbb Millennium Gerugambakkam, Chennai"
169352,34,34,34,X,Secondary,50,"The Psbb Millennium Gerugambakkam, Chennai"
169358,44,40,31,X,Secondary,50,"The Psbb Millennium Gerugambakkam, Chennai"
169407,31,49,39,X,Secondary,50,"The Psbb Millennium Gerugambakkam, Chennai"
169431,29,37,28,X,Secondary,50,"The Psbb Millennium Gerugambakkam, Chennai"
169447,32,41,34,X,Secondary,50,"The Psbb Millennium Gerugambakkam, Chennai"
169467,45,42,41,X,Secondary,50,"The Psbb Millennium Gerugambakkam, Chennai"
169469,25,42,32,X,Secondary,50,"The Psbb Millennium Gerugambakkam, Chennai"
169479,27,34,26,X,Secondary,50,"The Psbb Millennium Gerugambakkam, Chennai"
169506,33,36,28,X,Secondary,50,"The Psbb Millennium Gerugambakkam, Chennai"
169591,33,37,33,XI,Senior Secondary,50,"The Psbb Millennium Gerugambakkam, Chennai"
169601,40,35,37,XI,Senior Secondary,50,"The Psbb Millennium Gerugambakkam, Chennai"
169606,38,38,39,X,Secondary,50,"The Psbb Millennium Gerugambakkam, Chennai"
169679,18,30,22,X,Secondary,50,"The Psbb Millennium Gerugambakkam, Chennai"
169788,35,38,29,XI,Senior Secondary,50,"The Psbb Millennium Gerugambakkam, Chennai"
169853,29,34,33,XII,Senior Secondary,50,"The Psbb Millennium Gerugambakkam, Chennai"
169864,35,31,32,XII,Senior Secondary,50,"The Psbb Millennium Gerugambakkam, Chennai"
169967,40,42,34,XII,Senior Secondary,50,"The Psbb Millennium Gerugambakkam, Chennai"
169994,20,42,23,XII,Senior Secondary,50,"The Psbb Millennium Gerugambakkam, Chennai"
170204,34,41,34,XII,Senior Secondary,50,"The Psbb Millennium Gerugambakkam, Chennai"
170352,31,36,38,VII,Middle,50,"The Psbb Millennium Gerugambakkam, Chennai"
173142,31,36,32,VII,Middle,54,Psbb Millennium School Cuddalore
173342,33,39,40,X,Secondary,54,Psbb Millennium School Cuddalore
173344,38,40,37,X,Secondary,54,Psbb Millennium School Cuddalore
173345,40,43,34,X,Secondary,54,Psbb Millennium School Cuddalore
173347,35,34,36,X,Secondary,54,Psbb Millennium School Cuddalore
173354,36,42,42,VIII,Middle,54,Psbb Millennium School Cuddalore
173358,48,41,34,X,Secondary,54,Psbb Millennium School Cuddalore
173359,35,38,34,X,Secondary,54,Psbb Millennium School Cuddalore
173370,36,44,45,X,Secondary,54,Psbb Millennium School Cuddalore
173387,28,41,37,VIII,Middle,54,Psbb Millennium School Cuddalore
173389,40,35,29,X,Secondary,54,Psbb Millennium School Cuddalore
173393,32,40,34,X,Secondary,54,Psbb Millennium School Cuddalore
173414,44,38,31,X,Secondary,54,Psbb Millennium School Cuddalore
173416,43,38,41,X,Secondary,54,Psbb Millennium School Cuddalore
173423,29,42,43,X,Secondary,54,Psbb Millennium School Cuddalore
173432,19,41,35,VIII,Middle,54,Psbb Millennium School Cuddalore
173551,27,35,29,XII,Senior Secondary,54,Psbb Millennium School Cuddalore
173556,32,43,37,X,Secondary,54,Psbb Millennium School Cuddalore
173566,28,36,32,XII,Senior Secondary,54,Psbb Millennium School Cuddalore
173570,25,43,32,XII,Senior Secondary,54,Psbb Millennium School Cuddalore
173571,27,32,33,X,Secondary,54,Psbb Millennium School Cuddalore
173572,40,38,29,X,Secondary,54,Psbb Millennium School Cuddalore
173573,24,36,25,X,Secondary,54,Psbb Millennium School Cuddalore
173577,29,41,35,XII,Senior Secondary,54,Psbb Millennium School Cuddalore
173578,40,39,31,IX,Secondary,54,Psbb Millennium School Cuddalore
173587,35,36,34,X,Secondary,54,Psbb Millennium School Cuddalore
173594,28,45,32,X,Secondary,54,Psbb Millennium School Cuddalore
173598,25,35,32,XII,Senior Secondary,54,Psbb Millennium School Cuddalore
173603,31,45,34,XII,Senior Secondary,54,Psbb Millennium School Cuddalore
173610,22,35,31,XII,Senior Secondary,54,Psbb Millennium School Cuddalore
173612,33,47,46,XII,Senior Secondary,54,Psbb Millennium School Cuddalore
173617,26,37,37,X,Secondary,54,Psbb Millennium School Cuddalore
173620,24,35,23,XII,Senior Secondary,54,Psbb Millennium School Cuddalore
173636,33,37,32,XI,Senior Secondary,54,Psbb Millennium School Cuddalore
173638,24,32,25,XII,Senior Secondary,54,Psbb Millennium School Cuddalore
173640,32,42,37,X,Secondary,54,Psbb Millennium School Cuddalore
173643,37,44,38,XII,Senior Secondary,54,Psbb Millennium School Cuddalore
173654,31,44,41,X,Secondary,54,Psbb Millennium School Cuddalore
173658,32,39,27,XII,Senior Secondary,54,Psbb Millennium School Cuddalore
173659,26,35,30,XII,Senior Secondary,54,Psbb Millennium School Cuddalore
173663,34,42,35,XII,Senior Secondary,54,Psbb Millennium School Cuddalore
173673,41,44,40,X,Secondary,54,Psbb Millennium School Cuddalore
173676,37,39,30,X,Secondary,54,Psbb Millennium School Cuddalore
173683,41,34,27,X,Secondary,54,Psbb Millennium School Cuddalore
173690,37,43,41,X,Secondary,54,Psbb Millennium School Cuddalore
173710,36,37,32,XII,Senior Secondary,54,Psbb Millennium School Cuddalore
173713,20,31,35,XII,Senior Secondary,54,Psbb Millennium School Cuddalore
173716,25,38,32,XII,Senior Secondary,54,Psbb Millennium School Cuddalore
173724,27,39,36,XII,Senior Secondary,54,Psbb Millennium School Cuddalore
173733,30,36,39,XII,Senior Secondary,54,Psbb Millennium School Cuddalore
173734,37,37,38,XII,Senior Secondary,54,Psbb Millennium School Cuddalore
173735,22,26,21,XII,Senior Secondary,54,Psbb Millennium School Cuddalore
173736,27,28,28,XII,Senior Secondary,54,Psbb Millennium School Cuddalore
173737,28,24,28,XII,Senior Secondary,54,Psbb Millennium School Cuddalore
173738,32,42,38,XII,Senior Secondary,54,Psbb Millennium School Cuddalore
173739,29,34,31,XII,Senior Secondary,54,Psbb Millennium School Cuddalore
173740,33,44,38,XII,Senior Secondary,54,Psbb Millennium School Cuddalore
173741,33,31,34,XII,Senior Secondary,54,Psbb Millennium School Cuddalore
173744,23,38,32,XII,Senior Secondary,54,Psbb Millennium School Cuddalore
173752,32,43,32,XII,Senior Secondary,54,Psbb Millennium School Cuddalore
173758,25,35,30,XII,Senior Secondary,54,Psbb Millennium School Cuddalore
173759,29,40,37,XII,Senior Secondary,54,Psbb Millennium School Cuddalore
173760,26,29,24,XII,Senior Secondary,54,Psbb Millennium School Cuddalore
173764,33,28,27,XII,Senior Secondary,54,Psbb Millennium School Cuddalore
173772,38,38,38,XII,Senior Secondary,54,Psbb Millennium School Cuddalore
173776,30,35,27,XII,Senior Secondary,54,Psbb Millennium School Cuddalore
173781,38,40,41,XII,Senior Secondary,54,Psbb Millennium School Cuddalore
173783,33,37,36,XII,Senior Secondary,54,Psbb Millennium School Cuddalore
173786,31,39,38,XII,Senior Secondary,54,Psbb Millennium School Cuddalore
173787,36,35,32,XII,Senior Secondary,54,Psbb Millennium School Cuddalore
173789,33,35,33,XII,Senior Secondary,54,Psbb Millennium School Cuddalore
173791,25,40,29,XII,Senior Secondary,54,Psbb Millennium School Cuddalore
173792,35,38,38,XII,Senior Secondary,54,Psbb Millennium School Cuddalore
173801,29,45,29,XII,Senior Secondary,54,Psbb Millennium School Cuddalore
173820,29,43,43,XII,Senior Secondary,54,Psbb Millennium School Cuddalore
173821,32,36,34,XII,Senior Secondary,54,Psbb Millennium School Cuddalore
173828,30,31,30,XII,Senior Secondary,54,Psbb Millennium School Cuddalore
173829,26,24,21,XII,Senior Secondary,54,Psbb Millennium School Cuddalore
175605,38,39,33,VIII,Middle,57,"The Millennium School, Indore"
175606,43,45,47,VIII,Middle,57,"The Millennium School, Indore"
175607,40,42,40,VIII,Middle,57,"The Millennium School, Indore"
175610,37,43,41,VIII,Middle,57,"The Millennium School, Indore"
175611,31,40,29,VIII,Middle,57,"The Millennium School, Indore"
175612,38,44,42,VIII,Middle,57,"The Millennium School, Indore"
175616,37,41,34,VIII,Middle,57,"The Millennium School, Indore"
175617,36,39,33,VIII,Middle,57,"The Millennium School, Indore"
175620,45,43,44,VIII,Middle,57,"The Millennium School, Indore"
175622,37,46,45,VIII,Middle,57,"The Millennium School, Indore"
175623,30,37,33,VIII,Middle,57,"The Millennium School, Indore"
175624,34,43,38,VIII,Middle,57,"The Millennium School, Indore"
175627,29,42,37,VIII,Middle,57,"The Millennium School, Indore"
175635,38,36,37,VI,Middle,57,"The Millennium School, Indore"
175636,30,34,38,VIII,Middle,57,"The Millennium School, Indore"
175637,30,35,31,VIII,Middle,57,"The Millennium School, Indore"
175642,35,45,43,VIII,Middle,57,"The Millennium School, Indore"
175643,45,43,44,VIII,Middle,57,"The Millennium School, Indore"
175644,37,45,47,VIII,Middle,57,"The Millennium School, Indore"
175646,37,30,26,VIII,Middle,57,"The Millennium School, Indore"
175648,35,42,49,VIII,Middle,57,"The Millennium School, Indore"
175652,38,38,36,VIII,Middle,57,"The Millennium School, Indore"
175653,29,41,37,VIII,Middle,57,"The Millennium School, Indore"
175656,30,36,36,VIII,Middle,57,"The Millennium School, Indore"
175657,35,39,31,VIII,Middle,57,"The Millennium School, Indore"
175660,22,27,26,IX,Secondary,57,"The Millennium School, Indore"
175662,42,44,42,X,Secondary,57,"The Millennium School, Indore"
175663,36,28,34,IX,Secondary,57,"The Millennium School, Indore"
175664,36,37,29,IX,Secondary,57,"The Millennium School, Indore"
175665,31,40,41,IX,Secondary,57,"The Millennium School, Indore"
175666,39,35,40,IX,Secondary,57,"The Millennium School, Indore"
175668,32,38,38,IX,Secondary,57,"The Millennium School, Indore"
175669,32,40,37,IX,Secondary,57,"The Millennium School, Indore"
175670,32,37,36,IX,Secondary,57,"The Millennium School, Indore"
175671,29,39,37,VII,Middle,57,"The Millennium School, Indore"
175674,35,42,41,VIII,Middle,57,"The Millennium School, Indore"
175679,32,41,38,IX,Secondary,57,"The Millennium School, Indore"
175682,16,24,34,IX,Secondary,57,"The Millennium School, Indore"
175683,33,37,34,IX,Secondary,57,"The Millennium School, Indore"
175687,43,43,41,IX,Secondary,57,"The Millennium School, Indore"
175689,38,40,37,IX,Secondary,57,"The Millennium School, Indore"
175690,41,44,46,IX,Secondary,57,"The Millennium School, Indore"
175692,38,38,32,IX,Secondary,57,"The Millennium School, Indore"
175693,46,45,40,VIII,Middle,57,"The Millennium School, Indore"
175695,39,40,39,IX,Secondary,57,"The Millennium School, Indore"
175699,41,38,39,IX,Secondary,57,"The Millennium School, Indore"
175700,29,37,37,IX,Secondary,57,"The Millennium School, Indore"
175701,30,35,26,IX,Secondary,57,"The Millennium School, Indore"
175708,37,37,36,IX,Secondary,57,"The Millennium School, Indore"
175709,44,45,49,IX,Secondary,57,"The Millennium School, Indore"
175710,34,41,40,VIII,Middle,57,"The Millennium School, Indore"
175711,43,43,45,IX,Secondary,57,"The Millennium School, Indore"
175716,32,40,39,IX,Secondary,57,"The Millennium School, Indore"
175717,36,39,35,IX,Secondary,57,"The Millennium School, Indore"
175718,34,32,26,IX,Secondary,57,"The Millennium School, Indore"
175721,25,30,28,IX,Secondary,57,"The Millennium School, Indore"
175722,21,33,37,IX,Secondary,57,"The Millennium School, Indore"
175723,33,33,30,IX,Secondary,57,"The Millennium School, Indore"
175724,25,29,32,IX,Secondary,57,"The Millennium School, Indore"
175727,29,28,32,IX,Secondary,57,"The Millennium School, Indore"
175729,30,32,32,IX,Secondary,57,"The Millennium School, Indore"
175730,28,26,22,IX,Secondary,57,"The Millennium School, Indore"
175731,28,39,31,IX,Secondary,57,"The Millennium School, Indore"
175734,29,38,28,VIII,Middle,57,"The Millennium School, Indore"
175735,36,34,33,IX,Secondary,57,"The Millennium School, Indore"
175736,41,36,37,IX,Secondary,57,"The Millennium School, Indore"
175740,40,42,43,X,Secondary,57,"The Millennium School, Indore"
175741,21,29,32,X,Secondary,57,"The Millennium School, Indore"
175743,39,41,42,X,Secondary,57,"The Millennium School, Indore"
175744,39,41,39,X,Secondary,57,"The Millennium School, Indore"
175747,35,42,36,X,Secondary,57,"The Millennium School, Indore"
175748,34,40,34,X,Secondary,57,"The Millennium School, Indore"
175750,33,44,33,X,Secondary,57,"The Millennium School, Indore"
175754,29,40,41,X,Secondary,57,"The Millennium School, Indore"
175755,40,40,37,VIII,Middle,57,"The Millennium School, Indore"
175757,29,43,35,X,Secondary,57,"The Millennium School, Indore"
175761,36,41,38,X,Secondary,57,"The Millennium School, Indore"
175765,38,44,39,X,Secondary,57,"The Millennium School, Indore"
175766,38,36,38,IX,Secondary,57,"The Millennium School, Indore"
175767,40,41,37,VIII,Middle,57,"The Millennium School, Indore"
175768,38,40,34,X,Secondary,57,"The Millennium School, Indore"
175769,27,35,38,X,Secondary,57,"The Millennium School, Indore"
175770,41,40,33,X,Secondary,57,"The Millennium School, Indore"
175771,36,37,33,X,Secondary,57,"The Millennium School, Indore"
175772,27,36,32,X,Secondary,57,"The Millennium School, Indore"
175773,30,34,37,VIII,Middle,57,"The Millennium School, Indore"
175776,34,43,36,X,Secondary,57,"The Millennium School, Indore"
175778,32,40,31,X,Secondary,57,"The Millennium School, Indore"
175779,44,44,32,X,Secondary,57,"The Millennium School, Indore"
175781,30,40,32,VIII,Middle,57,"The Millennium School, Indore"
175782,41,44,47,X,Secondary,57,"The Millennium School, Indore"
175783,33,37,30,X,Secondary,57,"The Millennium School, Indore"
175784,28,32,33,X,Secondary,57,"The Millennium School, Indore"
175789,37,32,38,X,Secondary,57,"The Millennium School, Indore"
175790,20,31,31,X,Secondary,57,"The Millennium School, Indore"
175793,42,42,35,X,Secondary,57,"The Millennium School, Indore"
175796,40,39,38,X,Secondary,57,"The Millennium School, Indore"
175797,33,36,37,X,Secondary,57,"The Millennium School, Indore"
175798,29,19,28,X,Secondary,57,"The Millennium School, Indore"
175799,23,45,33,X,Secondary,57,"The Millennium School, Indore"
175803,42,39,29,X,Secondary,57,"The Millennium School, Indore"
175805,41,46,40,X,Secondary,57,"The Millennium School, Indore"
175806,42,40,42,X,Secondary,57,"The Millennium School, Indore"
175807,37,44,41,X,Secondary,57,"The Millennium School, Indore"
175809,42,38,30,X,Secondary,57,"The Millennium School, Indore"
175810,30,40,36,X,Secondary,57,"The Millennium School, Indore"
175812,30,38,36,X,Secondary,57,"The Millennium School, Indore"
175814,45,45,45,X,Secondary,57,"The Millennium School, Indore"
175815,23,35,32,X,Secondary,57,"The Millennium School, Indore"
175816,39,41,43,X,Secondary,57,"The Millennium School, Indore"
175820,19,43,34,X,Secondary,57,"The Millennium School, Indore"
175823,39,32,23,X,Secondary,57,"The Millennium School, Indore"
175824,25,35,33,X,Secondary,57,"The Millennium School, Indore"
175826,36,38,42,X,Secondary,57,"The Millennium School, Indore"
175828,37,45,34,X,Secondary,57,"The Millennium School, Indore"
175829,31,39,30,X,Secondary,57,"The Millennium School, Indore"
175831,17,32,27,X,Secondary,57,"The Millennium School, Indore"
175834,35,44,33,X,Secondary,57,"The Millennium School, Indore"
175835,25,42,33,XI,Senior Secondary,57,"The Millennium School, Indore"
175839,33,39,36,XI,Senior Secondary,57,"The Millennium School, Indore"
175840,26,44,41,XI,Senior Secondary,57,"The Millennium School, Indore"
175843,32,34,41,XI,Senior Secondary,57,"The Millennium School, Indore"
175846,23,40,32,XI,Senior Secondary,57,"The Millennium School, Indore"
175848,34,37,32,XI,Senior Secondary,57,"The Millennium School, Indore"
175849,29,37,35,XI,Senior Secondary,57,"The Millennium School, Indore"
175851,32,32,33,XI,Senior Secondary,57,"The Millennium School, Indore"
175853,36,37,24,XI,Senior Secondary,57,"The Millennium School, Indore"
175854,37,41,34,XI,Senior Secondary,57,"The Millennium School, Indore"
175855,23,27,20,XI,Senior Secondary,57,"The Millennium School, Indore"
175858,38,37,36,XI,Senior Secondary,57,"The Millennium School, Indore"
175859,32,36,35,XI,Senior Secondary,57,"The Millennium School, Indore"
175860,37,41,34,XII,Senior Secondary,57,"The Millennium School, Indore"
175861,34,40,35,XI,Senior Secondary,57,"The Millennium School, Indore"
175862,40,41,34,XII,Senior Secondary,57,"The Millennium School, Indore"
175864,42,41,32,XII,Senior Secondary,57,"The Millennium School, Indore"
175865,25,37,26,IX,Secondary,57,"The Millennium School, Indore"
175866,34,45,38,XI,Senior Secondary,57,"The Millennium School, Indore"
175869,39,43,33,X,Secondary,57,"The Millennium School, Indore"
175872,28,35,31,XI,Senior Secondary,57,"The Millennium School, Indore"
175873,33,41,23,XI,Senior Secondary,57,"The Millennium School, Indore"
175875,35,40,33,XI,Senior Secondary,57,"The Millennium School, Indore"
175877,36,36,28,XI,Senior Secondary,57,"The Millennium School, Indore"
175880,32,36,35,XI,Senior Secondary,57,"The Millennium School, Indore"
175882,32,38,40,XI,Senior Secondary,57,"The Millennium School, Indore"
175884,37,40,40,XI,Senior Secondary,57,"The Millennium School, Indore"
175885,34,42,31,XI,Senior Secondary,57,"The Millennium School, Indore"
175886,20,36,36,XI,Senior Secondary,57,"The Millennium School, Indore"
175887,27,42,36,XI,Senior Secondary,57,"The Millennium School, Indore"
175888,34,37,34,XI,Senior Secondary,57,"The Millennium School, Indore"
175889,27,40,29,XI,Senior Secondary,57,"The Millennium School, Indore"
175891,25,42,25,XI,Senior Secondary,57,"The Millennium School, Indore"
175892,26,38,30,XI,Senior Secondary,57,"The Millennium School, Indore"
175893,32,45,36,XI,Senior Secondary,57,"The Millennium School, Indore"
175895,28,35,41,XI,Senior Secondary,57,"The Millennium School, Indore"
175899,27,34,30,XI,Senior Secondary,57,"The Millennium School, Indore"
175901,42,40,33,X,Secondary,57,"The Millennium School, Indore"
175902,28,39,25,XII,Senior Secondary,57,"The Millennium School, Indore"
175904,28,27,24,XII,Senior Secondary,57,"The Millennium School, Indore"
175905,30,30,21,XII,Senior Secondary,57,"The Millennium School, Indore"
175908,29,31,30,XI,Senior Secondary,57,"The Millennium School, Indore"
175911,35,37,31,X,Secondary,57,"The Millennium School, Indore"
175912,32,31,32,XII,Senior Secondary,57,"The Millennium School, Indore"
175913,27,39,31,XII,Senior Secondary,57,"The Millennium School, Indore"
175914,31,42,25,XII,Senior Secondary,57,"The Millennium School, Indore"
175915,32,33,27,XII,Senior Secondary,57,"The Millennium School, Indore"
175917,34,39,33,XII,Senior Secondary,57,"The Millennium School, Indore"
175918,27,44,22,X,Secondary,57,"The Millennium School, Indore"
175919,28,45,35,XII,Senior Secondary,57,"The Millennium School, Indore"
175920,18,31,26,XII,Senior Secondary,57,"The Millennium School, Indore"
175921,40,37,38,X,Secondary,57,"The Millennium School, Indore"
175922,21,26,32,XII,Senior Secondary,57,"The Millennium School, Indore"
175930,34,37,30,X,Secondary,57,"The Millennium School, Indore"
175931,34,37,37,XII,Senior Secondary,57,"The Millennium School, Indore"
175933,32,40,27,XII,Senior Secondary,57,"The Millennium School, Indore"
175937,32,38,30,XII,Senior Secondary,57,"The Millennium School, Indore"
175938,24,30,29,XII,Senior Secondary,57,"The Millennium School, Indore"
175941,27,45,39,XII,Senior Secondary,57,"The Millennium School, Indore"
175947,36,29,26,X,Secondary,57,"The Millennium School, Indore"
175948,26,41,37,XII,Senior Secondary,57,"The Millennium School, Indore"
175952,37,35,34,XII,Senior Secondary,57,"The Millennium School, Indore"
175954,38,43,40,XII,Senior Secondary,57,"The Millennium School, Indore"
175959,32,34,31,XII,Senior Secondary,57,"The Millennium School, Indore"
175968,25,24,24,XII,Senior Secondary,57,"The Millennium School, Indore"
175969,35,34,35,XII,Senior Secondary,57,"The Millennium School, Indore"
175970,19,25,26,XII,Senior Secondary,57,"The Millennium School, Indore"
175972,32,34,31,XII,Senior Secondary,57,"The Millennium School, Indore"
175973,24,35,34,XII,Senior Secondary,57,"The Millennium School, Indore"
175976,36,38,34,XII,Senior Secondary,57,"The Millennium School, Indore"
175981,36,48,42,XII,Senior Secondary,57,"The Millennium School, Indore"
175983,31,35,44,XII,Senior Secondary,57,"The Millennium School, Indore"
175988,30,35,33,XII,Senior Secondary,57,"The Millennium School, Indore"
175993,30,30,23,XII,Senior Secondary,57,"The Millennium School, Indore"
175996,37,41,33,XII,Senior Secondary,57,"The Millennium School, Indore"
176000,21,29,27,XII,Senior Secondary,57,"The Millennium School, Indore"
176004,31,35,33,XII,Senior Secondary,57,"The Millennium School, Indore"
176005,35,40,36,XII,Senior Secondary,57,"The Millennium School, Indore"
176006,22,21,20,XII,Senior Secondary,57,"The Millennium School, Indore"
176007,32,41,39,XII,Senior Secondary,57,"The Millennium School, Indore"
176010,31,38,39,XII,Senior Secondary,57,"The Millennium School, Indore"
176014,32,39,33,XII,Senior Secondary,57,"The Millennium School, Indore"
176015,34,40,38,XII,Senior Secondary,57,"The Millennium School, Indore"
176016,35,41,37,XII,Senior Secondary,57,"The Millennium School, Indore"
176020,34,45,38,XII,Senior Secondary,57,"The Millennium School, Indore"
176024,35,43,38,XII,Senior Secondary,57,"The Millennium School, Indore"
176025,39,44,42,XII,Senior Secondary,57,"The Millennium School, Indore"
176030,25,31,24,XII,Senior Secondary,57,"The Millennium School, Indore"
176031,27,27,23,XII,Senior Secondary,57,"The Millennium School, Indore"
176033,34,33,28,XII,Senior Secondary,57,"The Millennium School, Indore"
176034,38,30,33,XII,Senior Secondary,57,"The Millennium School, Indore"
176037,33,34,29,XII,Senior Secondary,57,"The Millennium School, Indore"
176038,36,45,39,XII,Senior Secondary,57,"The Millennium School, Indore"
176039,35,34,32,XII,Senior Secondary,57,"The Millennium School, Indore"
176040,36,35,36,XII,Senior Secondary,57,"The Millennium School, Indore"
176248,33,45,45,VIII,Middle,57,"The Millennium School, Indore"
178049,41,43,31,VIII,Middle,91,The Takshila School Ahmednagar
181356,31,36,32,VIII,Middle,87,"The Shriram Millennium School, Faridabad"
181649,35,32,37,XII,Senior Secondary,57,"The Millennium School, Indore"
183499,32,43,37,IX,Secondary,89,"The Millennium School, Amritsar"
183566,38,43,32,XI,Senior Secondary,89,"The Millennium School, Amritsar"
183728,36,39,35,IX,Secondary,89,"The Millennium School, Amritsar"
183746,26,37,34,X,Secondary,89,"The Millennium School, Amritsar"
184094,32,29,28,IX,Secondary,89,"The Millennium School, Amritsar"
189655,30,42,33,X,Secondary,84,The Takshila School Sangli
189661,37,36,36,X,Secondary,84,The Takshila School Sangli
189689,27,38,27,IX,Secondary,84,The Takshila School Sangli
189733,31,42,32,VIII,Middle,84,The Takshila School Sangli
189789,22,22,20,IX,Secondary,84,The Takshila School Sangli
190070,28,35,31,X,Secondary,84,The Takshila School Sangli
191762,29,39,33,XI,Senior Secondary,2,The Millennium School Lucknow
191808,35,35,33,VIII,Middle,2,The Millennium School Lucknow
191810,36,45,49,VIII,Middle,2,The Millennium School Lucknow
191814,37,42,43,IX,Secondary,2,The Millennium School Lucknow
191818,30,41,21,X,Secondary,2,The Millennium School Lucknow
191819,40,40,38,VI,Middle,2,The Millennium School Lucknow
191826,32,39,37,X,Secondary,2,The Millennium School Lucknow
191841,39,35,34,X,Secondary,2,The Millennium School Lucknow
191869,20,32,26,XI,Senior Secondary,2,The Millennium School Lucknow
191885,44,49,37,VIII,Middle,2,The Millennium School Lucknow
191898,32,39,43,VIII,Middle,2,The Millennium School Lucknow
191912,33,42,29,XII,Senior Secondary,2,The Millennium School Lucknow
191916,31,36,30,VI,Middle,2,The Millennium School Lucknow
191918,32,39,35,X,Secondary,2,The Millennium School Lucknow
191919,35,41,39,X,Secondary,2,The Millennium School Lucknow
191922,31,46,30,XII,Senior Secondary,2,The Millennium School Lucknow
191926,32,44,39,XII,Senior Secondary,2,The Millennium School Lucknow
191927,34,39,43,IX,Secondary,2,The Millennium School Lucknow
191933,43,44,45,VIII,Middle,2,The Millennium School Lucknow
191937,37,43,41,X,Secondary,2,The Millennium School Lucknow
191952,37,36,36,VII,Middle,2,The Millennium School Lucknow
191960,37,41,43,IX,Secondary,2,The Millennium School Lucknow
191961,38,46,42,VIII,Middle,2,The Millennium School Lucknow
191964,43,41,28,VIII,Middle,2,The Millennium School Lucknow
191967,30,38,32,VIII,Middle,2,The Millennium School Lucknow
191972,38,38,34,VIII,Middle,2,The Millennium School Lucknow
191987,35,40,41,VIII,Middle,2,The Millennium School Lucknow
191992,31,34,33,VI,Middle,2,The Millennium School Lucknow
191996,38,38,42,VIII,Middle,2,The Millennium School Lucknow
192040,30,32,21,VIII,Middle,2,The Millennium School Lucknow
192046,43,45,41,VII,Middle,2,The Millennium School Lucknow
192067,37,44,41,IX,Secondary,2,The Millennium School Lucknow
192080,43,40,43,X,Secondary,2,The Millennium School Lucknow
192082,33,36,38,X,Secondary,2,The Millennium School Lucknow
192130,22,31,30,VII,Middle,2,The Millennium School Lucknow
192133,25,39,43,VIII,Middle,2,The Millennium School Lucknow
192136,36,38,34,X,Secondary,2,The Millennium School Lucknow
192137,35,39,41,X,Secondary,2,The Millennium School Lucknow
192138,36,40,35,VIII,Middle,2,The Millennium School Lucknow
192139,30,38,37,IX,Secondary,2,The Millennium School Lucknow
192156,30,36,36,XII,Senior Secondary,2,The Millennium School Lucknow
192164,41,39,45,IX,Secondary,2,The Millennium School Lucknow
192177,20,31,28,IX,Secondary,2,The Millennium School Lucknow
192184,42,43,40,VIII,Middle,2,The Millennium School Lucknow
192224,38,37,39,VIII,Middle,2,The Millennium School Lucknow
192240,30,43,38,IX,Secondary,2,The Millennium School Lucknow
192346,40,41,42,VIII,Middle,4,"The Millennium School, Panipat"
192358,34,44,37,VIII,Middle,4,"The Millennium School, Panipat"
192371,39,38,32,IX,Secondary,4,"The Millennium School, Panipat"
192372,39,37,28,VIII,Middle,4,"The Millennium School, Panipat"
192377,28,39,35,IX,Secondary,4,"The Millennium School, Panipat"
192381,35,45,42,IX,Secondary,4,"The Millennium School, Panipat"
192382,39,41,40,IX,Secondary,4,"The Millennium School, Panipat"
192384,34,44,33,IX,Secondary,4,"The Millennium School, Panipat"
192385,38,37,33,IX,Secondary,4,"The Millennium School, Panipat"
192390,31,37,35,IX,Secondary,4,"The Millennium School, Panipat"
192395,38,37,37,IX,Secondary,4,"The Millennium School, Panipat"
192397,43,42,39,IX,Secondary,4,"The Millennium School, Panipat"
192398,25,36,30,IX,Secondary,4,"The Millennium School, Panipat"
192399,40,43,39,IX,Secondary,4,"The Millennium School, Panipat"
192401,27,39,35,IX,Secondary,4,"The Millennium School, Panipat"
192402,40,38,36,IX,Secondary,4,"The Millennium School, Panipat"
192403,31,30,30,IX,Secondary,4,"The Millennium School, Panipat"
192425,43,36,34,X,Secondary,4,"The Millennium School, Panipat"
192443,34,41,31,XI,Senior Secondary,4,"The Millennium School, Panipat"
192454,34,37,30,XI,Senior Secondary,4,"The Millennium School, Panipat"
192458,26,42,31,XI,Senior Secondary,4,"The Millennium School, Panipat"
192460,30,43,33,XI,Senior Secondary,4,"The Millennium School, Panipat"
192489,30,32,33,XII,Senior Secondary,4,"The Millennium School, Panipat"
192510,32,39,37,XII,Senior Secondary,4,"The Millennium School, Panipat"
192514,39,33,34,XII,Senior Secondary,4,"The Millennium School, Panipat"
192522,30,34,30,XII,Senior Secondary,4,"The Millennium School, Panipat"
192524,34,36,37,XII,Senior Secondary,4,"The Millennium School, Panipat"
192530,30,38,37,XI,Senior Secondary,4,"The Millennium School, Panipat"
192537,25,35,32,XII,Senior Secondary,4,"The Millennium School, Panipat"
192539,31,38,36,XII,Senior Secondary,4,"The Millennium School, Panipat"
192546,38,37,39,XII,Senior Secondary,4,"The Millennium School, Panipat"
192550,31,33,33,XII,Senior Secondary,4,"The Millennium School, Panipat"
192551,30,25,24,XII,Senior Secondary,4,"The Millennium School, Panipat"
192554,34,32,34,XII,Senior Secondary,4,"The Millennium School, Panipat"
197782,37,38,34,XII,Senior Secondary,4,"The Millennium School, Panipat"
289068,34,29,28,XII,Senior Secondary,4,"The Millennium School, Panipat"
289094,35,40,38,XII,Senior Secondary,4,"The Millennium School, Panipat"
289211,32,32,38,VIII,Middle,4,"The Millennium School, Panipat"
289247,30,30,31,XII,Senior Secondary,4,"The Millennium School, Panipat"
289256,37,41,37,IX,Secondary,4,"The Millennium School, Panipat"
289263,36,42,41,XII,Senior Secondary,4,"The Millennium School, Panipat"
289269,23,35,26,XII,Senior Secondary,4,"The Millennium School, Panipat"
289271,29,45,31,IX,Secondary,4,"The Millennium School, Panipat"
293563,24,41,38,XII,Senior Secondary,54,Psbb Millennium School Cuddalore
293564,43,41,40,VIII,Middle,54,Psbb Millennium School Cuddalore
293565,38,43,46,XI,Senior Secondary,54,Psbb Millennium School Cuddalore
293582,25,29,25,XII,Senior Secondary,54,Psbb Millennium School Cuddalore
296272,37,41,39,VIII,Middle,47,The Psbb Millennium Coimbatore
296275,39,40,43,VII,Middle,47,The Psbb Millennium Coimbatore
296295,40,44,44,VIII,Middle,47,The Psbb Millennium Coimbatore
296298,32,37,32,VI,Middle,47,The Psbb Millennium Coimbatore
296382,30,38,27,IX,Secondary,47,The Psbb Millennium Coimbatore
296385,44,39,28,VII,Middle,47,The Psbb Millennium Coimbatore
296406,36,39,37,VIII,Middle,47,The Psbb Millennium Coimbatore
296425,36,42,39,VIII,Middle,47,The Psbb Millennium Coimbatore
296478,35,36,41,VIII,Middle,47,The Psbb Millennium Coimbatore
296509,28,36,32,VIII,Middle,47,The Psbb Millennium Coimbatore
296511,34,36,36,VIII,Middle,47,The Psbb Millennium Coimbatore
296595,34,41,33,VII,Middle,47,The Psbb Millennium Coimbatore
296602,29,42,43,VII,Middle,47,The Psbb Millennium Coimbatore
296612,39,44,42,VII,Middle,47,The Psbb Millennium Coimbatore
296656,27,41,30,XI,Senior Secondary,47,The Psbb Millennium Coimbatore
296658,36,45,42,X,Secondary,47,The Psbb Millennium Coimbatore
296731,29,34,31,VII,Middle,47,The Psbb Millennium Coimbatore
296863,39,41,38,VII,Middle,47,The Psbb Millennium Coimbatore
296871,33,38,38,VII,Middle,47,The Psbb Millennium Coimbatore
296896,39,42,36,VII,Middle,47,The Psbb Millennium Coimbatore
296944,43,45,46,VIII,Middle,47,The Psbb Millennium Coimbatore
297112,46,47,39,XI,Senior Secondary,47,The Psbb Millennium Coimbatore
297120,36,38,40,IX,Secondary,47,The Psbb Millennium Coimbatore
297127,37,38,41,XII,Senior Secondary,47,The Psbb Millennium Coimbatore
297266,33,40,33,X,Secondary,1,Mussoorie International School
297284,31,29,29,XII,Senior Secondary,1,Mussoorie International School
297330,29,32,30,XII,Senior Secondary,1,Mussoorie International School
297344,24,33,27,XII,Senior Secondary,1,Mussoorie International School
297419,35,44,43,VII,Middle,34,The Millennium School Hmel
297788,32,40,33,XI,Senior Secondary,44,"The Millennium School, Patiala"
297829,33,45,40,XII,Senior Secondary,54,Psbb Millennium School Cuddalore
297831,41,43,42,XII,Senior Secondary,54,Psbb Millennium School Cuddalore
297838,41,39,39,XII,Senior Secondary,54,Psbb Millennium School Cuddalore
297845,37,33,25,XII,Senior Secondary,54,Psbb Millennium School Cuddalore
298065,40,41,41,VIII,Middle,2,The Millennium School Lucknow
298076,33,41,40,VII,Middle,2,The Millennium School Lucknow
298081,35,45,39,XII,Senior Secondary,2,The Millennium School Lucknow
298083,33,35,34,XII,Senior Secondary,2,The Millennium School Lucknow
298086,38,36,33,XII,Senior Secondary,2,The Millennium School Lucknow
298107,40,40,36,IX,Secondary,2,The Millennium School Lucknow
298115,29,36,34,XI,Senior Secondary,2,The Millennium School Lucknow
298118,20,41,28,XI,Senior Secondary,2,The Millennium School Lucknow
298129,17,29,24,X,Secondary,2,The Millennium School Lucknow
298143,30,39,34,XII,Senior Secondary,2,The Millennium School Lucknow
298156,30,30,30,XII,Senior Secondary,2,The Millennium School Lucknow
298165,29,34,29,XII,Senior Secondary,2,The Millennium School Lucknow
298185,45,48,44,X,Secondary,2,The Millennium School Lucknow
298186,49,46,46,IX,Secondary,2,The Millennium School Lucknow
298193,38,44,31,X,Secondary,2,The Millennium School Lucknow
298211,29,44,33,IX,Secondary,2,The Millennium School Lucknow
298213,37,34,32,X,Secondary,2,The Millennium School Lucknow
298220,30,35,31,XII,Senior Secondary,2,The Millennium School Lucknow
298225,29,38,35,IX,Secondary,2,The Millennium School Lucknow
298232,20,29,31,VIII,Middle,2,The Millennium School Lucknow
298245,37,45,45,X,Secondary,2,The Millennium School Lucknow
298247,27,36,32,X,Secondary,2,The Millennium School Lucknow
298259,32,38,36,VII,Middle,2,The Millennium School Lucknow
298262,34,38,33,XII,Senior Secondary,2,The Millennium School Lucknow
298269,32,37,37,XII,Senior Secondary,2,The Millennium School Lucknow
298299,34,32,33,X,Secondary,2,The Millennium School Lucknow
298311,29,44,39,VI,Middle,2,The Millennium School Lucknow
298321,25,40,30,X,Secondary,2,The Millennium School Lucknow
298344,35,41,38,VIII,Middle,2,The Millennium School Lucknow
298346,31,33,30,XI,Senior Secondary,2,The Millennium School Lucknow
298347,37,35,35,XI,Senior Secondary,2,The Millennium School Lucknow
298368,32,38,36,XII,Senior Secondary,2,The Millennium School Lucknow
298371,28,38,36,X,Secondary,2,The Millennium School Lucknow
299748,29,44,34,XII,Senior Secondary,22,The Psbb Millennium School Omr
299926,23,37,28,VIII,Middle,22,The Psbb Millennium School Omr
315264,38,39,33,VI,Middle,57,"The Millennium School, Indore"
315267,23,37,32,VI,Middle,57,"The Millennium School, Indore"
315268,33,41,37,VI,Middle,57,"The Millennium School, Indore"
315270,40,39,41,X,Secondary,57,"The Millennium School, Indore"
315272,37,42,44,VIII,Middle,57,"The Millennium School, Indore"
315275,36,42,37,VI,Middle,57,"The Millennium School, Indore"
315277,31,36,37,VIII,Middle,57,"The Millennium School, Indore"
315280,34,32,27,VIII,Middle,57,"The Millennium School, Indore"
315281,34,34,38,VI,Middle,57,"The Millennium School, Indore"
315288,41,40,32,IX,Secondary,57,"The Millennium School, Indore"
315291,33,41,40,VIII,Middle,57,"The Millennium School, Indore"
315302,34,42,32,VIII,Middle,57,"The Millennium School, Indore"
315334,41,39,41,X,Secondary,57,"The Millennium School, Indore"
315335,31,33,37,XII,Senior Secondary,57,"The Millennium School, Indore"
315337,33,41,36,IX,Secondary,57,"The Millennium School, Indore"
315338,29,40,23,XII,Senior Secondary,57,"The Millennium School, Indore"
315341,29,46,43,IX,Secondary,57,"The Millennium School, Indore"
315361,31,38,45,VIII,Middle,57,"The Millennium School, Indore"
315362,22,38,30,XII,Senior Secondary,57,"The Millennium School, Indore"
315363,31,36,34,X,Secondary,57,"The Millennium School, Indore"
315368,33,37,35,XI,Senior Secondary,57,"The Millennium School, Indore"
315371,32,35,34,X,Secondary,57,"The Millennium School, Indore"
315373,38,39,34,X,Secondary,57,"The Millennium School, Indore"
315374,43,40,34,VIII,Middle,57,"The Millennium School, Indore"
315376,31,38,34,XII,Senior Secondary,57,"The Millennium School, Indore"
315379,23,31,31,X,Secondary,57,"The Millennium School, Indore"
315381,30,33,33,XII,Senior Secondary,57,"The Millennium School, Indore"
315383,32,42,37,X,Secondary,57,"The Millennium School, Indore"
315390,32,40,40,VI,Middle,57,"The Millennium School, Indore"
315392,33,37,28,IX,Secondary,57,"The Millennium School, Indore"
315396,40,37,42,XI,Senior Secondary,57,"The Millennium School, Indore"
315397,29,44,39,IX,Secondary,57,"The Millennium School, Indore"
315398,23,27,30,XII,Senior Secondary,57,"The Millennium School, Indore"
315399,24,29,23,XII,Senior Secondary,57,"The Millennium School, Indore"
315400,35,41,42,VIII,Middle,57,"The Millennium School, Indore"
315402,34,38,26,VIII,Middle,57,"The Millennium School, Indore"
315403,27,29,33,VII,Middle,57,"The Millennium School, Indore"
315429,23,37,19,XI,Senior Secondary,57,"The Millennium School, Indore"
315430,29,38,35,XII,Senior Secondary,57,"The Millennium School, Indore"
315433,36,39,29,XII,Senior Secondary,57,"The Millennium School, Indore"
315440,43,37,38,XI,Senior Secondary,57,"The Millennium School, Indore"
315442,34,41,35,XII,Senior Secondary,57,"The Millennium School, Indore"
315443,26,34,23,XII,Senior Secondary,57,"The Millennium School, Indore"
315444,36,40,38,X,Secondary,57,"The Millennium School, Indore"
315448,30,43,38,VIII,Middle,57,"The Millennium School, Indore"
315450,40,32,33,XII,Senior Secondary,57,"The Millennium School, Indore"
315452,28,42,34,VIII,Middle,57,"The Millennium School, Indore"
315455,26,39,28,XII,Senior Secondary,57,"The Millennium School, Indore"
318612,37,46,43,XII,Senior Secondary,57,"The Millennium School, Indore"
319506,30,38,30,VIII,Middle,47,The Psbb Millennium Coimbatore
319888,36,41,39,VIII,Middle,89,"The Millennium School, Amritsar"
320060,35,45,28,X,Secondary,57,"The Millennium School, Indore"
322317,34,41,31,X,Secondary,50,"The Psbb Millennium Gerugambakkam, Chennai"
324257,23,39,39,XI,Senior Secondary,4,"The Millennium School, Panipat"
325072,33,29,28,VIII,Middle,50,"The Psbb Millennium Gerugambakkam, Chennai"
325178,33,38,37,VIII,Middle,47,The Psbb Millennium Coimbatore
328586,40,43,38,VI,Middle,252,"The Shriram Millennium School, Gurugram"
328715,32,32,39,X,Secondary,13,"The Shriram Millennium School, Noida-135"
336230,31,34,32,VI,Middle,281,HSG DEMO
336429,38,41,36,VI,Middle,3,"The Millennium School, Noida 41"
336702,33,46,37,X,Secondary,1,Mussoorie International School
336706,32,35,34,X,Secondary,1,Mussoorie International School
336720,24,35,30,XII,Senior Secondary,1,Mussoorie International School
336725,30,34,26,X,Secondary,1,Mussoorie International School
336758,31,28,29,XII,Senior Secondary,1,Mussoorie International School
336774,38,39,39,VIII,Middle,1,Mussoorie International School
340266,25,26,39,X,Secondary,281,HSG DEMO
340489,31,24,25,VIII,Middle,22,The Psbb Millennium School Omr
362868,34,33,38,VIII,Middle,49,"Psbb Lla, Bengaluru"
362882,28,29,20,XI,Senior Secondary,49,"Psbb Lla, Bengaluru"
363356,34,36,40,VI,Middle,49,"Psbb Lla, Bengaluru"
375646,39,41,31,IX,Secondary,4,"The Millennium School, Panipat"
375648,32,38,34,VIII,Middle,4,"The Millennium School, Panipat"
375651,39,46,41,XI,Senior Secondary,4,"The Millennium School, Panipat"
375668,34,32,34,XII,Senior Secondary,4,"The Millennium School, Panipat"
375690,38,42,40,X,Secondary,4,"The Millennium School, Panipat"
375714,29,29,26,XII,Senior Secondary,4,"The Millennium School, Panipat"
375720,30,41,32,IX,Secondary,4,"The Millennium School, Panipat"
375739,32,42,34,XII,Senior Secondary,4,"The Millennium School, Panipat"
375740,43,40,29,IX,Secondary,4,"The Millennium School, Panipat"
375762,30,30,30,XII,Senior Secondary,4,"The Millennium School, Panipat"
375771,38,41,38,IX,Secondary,4,"The Millennium School, Panipat"
375774,34,37,36,XII,Senior Secondary,4,"The Millennium School, Panipat"
375779,41,41,34,IX,Secondary,4,"The Millennium School, Panipat"
375788,36,38,36,IX,Secondary,4,"The Millennium School, Panipat"
376004,32,34,28,VIII,Middle,4,"The Millennium School, Panipat"
376006,46,46,42,IX,Secondary,4,"The Millennium School, Panipat"
378633,33,34,29,XII,Senior Secondary,50,"The Psbb Millennium Gerugambakkam, Chennai"
378640,31,35,32,XII,Senior Secondary,50,"The Psbb Millennium Gerugambakkam, Chennai"
378777,35,35,40,XII,Senior Secondary,50,"The Psbb Millennium Gerugambakkam, Chennai"
379375,37,45,49,VII,Middle,50,"The Psbb Millennium Gerugambakkam, Chennai"
379406,34,36,28,VIII,Middle,50,"The Psbb Millennium Gerugambakkam, Chennai"
379495,28,32,29,VIII,Middle,50,"The Psbb Millennium Gerugambakkam, Chennai"
379643,30,33,29,XII,Senior Secondary,50,"The Psbb Millennium Gerugambakkam, Chennai"
379761,27,36,33,XII,Senior Secondary,50,"The Psbb Millennium Gerugambakkam, Chennai"
379838,30,35,28,VIII,Middle,50,"The Psbb Millennium Gerugambakkam, Chennai"
379930,18,34,24,IX,Secondary,45,"The Millennium School, Kurukshetra"
380218,28,34,30,XI,Senior Secondary,54,Psbb Millennium School Cuddalore
380220,28,32,26,XII,Senior Secondary,54,Psbb Millennium School Cuddalore
380225,43,31,38,X,Secondary,54,Psbb Millennium School Cuddalore
380232,34,37,33,XII,Senior Secondary,54,Psbb Millennium School Cuddalore
380425,35,40,38,VIII,Middle,47,The Psbb Millennium Coimbatore
380438,41,45,38,VIII,Middle,47,The Psbb Millennium Coimbatore
380466,33,34,28,IX,Secondary,47,The Psbb Millennium Coimbatore
382079,36,19,19,XII,Senior Secondary,57,"The Millennium School, Indore"
382083,37,30,35,X,Secondary,57,"The Millennium School, Indore"
382085,34,47,38,VIII,Middle,57,"The Millennium School, Indore"
382106,28,33,34,VII,Middle,57,"The Millennium School, Indore"
382111,34,46,39,XII,Senior Secondary,57,"The Millennium School, Indore"
382118,32,42,33,X,Secondary,57,"The Millennium School, Indore"
382119,33,40,32,IX,Secondary,57,"The Millennium School, Indore"
382125,34,39,31,X,Secondary,57,"The Millennium School, Indore"
382126,24,42,32,XI,Senior Secondary,57,"The Millennium School, Indore"
382127,26,29,32,X,Secondary,57,"The Millennium School, Indore"
382129,21,37,36,X,Secondary,57,"The Millennium School, Indore"
382130,34,37,25,X,Secondary,57,"The Millennium School, Indore"
382131,30,40,26,XI,Senior Secondary,57,"The Millennium School, Indore"
382146,28,43,31,XII,Senior Secondary,57,"The Millennium School, Indore"
382148,33,42,29,X,Secondary,57,"The Millennium School, Indore"
382149,21,40,23,X,Secondary,57,"The Millennium School, Indore"
382152,36,38,33,X,Secondary,57,"The Millennium School, Indore"
382154,42,43,39,VII,Middle,57,"The Millennium School, Indore"
382157,32,31,32,XII,Senior Secondary,57,"The Millennium School, Indore"
382171,32,35,33,VIII,Middle,57,"The Millennium School, Indore"
382175,45,45,43,X,Secondary,57,"The Millennium School, Indore"
382186,14,29,22,X,Secondary,57,"The Millennium School, Indore"
382195,36,38,33,VIII,Middle,57,"The Millennium School, Indore"
382296,28,37,43,VII,Middle,47,The Psbb Millennium Coimbatore
382360,35,44,42,XII,Senior Secondary,57,"The Millennium School, Indore"
385417,34,33,30,IX,Secondary,4,"The Millennium School, Panipat"
386599,22,28,34,XII,Senior Secondary,2,The Millennium School Lucknow
386605,25,34,28,XII,Senior Secondary,2,The Millennium School Lucknow
386643,35,41,32,VII,Middle,2,The Millennium School Lucknow
386666,27,37,31,XII,Senior Secondary,2,The Millennium School Lucknow
386677,35,34,35,VII,Middle,2,The Millennium School Lucknow
386682,31,46,43,VII,Middle,2,The Millennium School Lucknow
386689,32,38,33,XII,Senior Secondary,2,The Millennium School Lucknow
386694,33,40,26,XII,Senior Secondary,2,The Millennium School Lucknow
386702,33,42,33,VIII,Middle,2,The Millennium School Lucknow
386723,33,35,31,XII,Senior Secondary,2,The Millennium School Lucknow
386770,40,38,34,VI,Middle,2,The Millennium School Lucknow
386782,38,38,38,X,Secondary,2,The Millennium School Lucknow
386796,16,36,27,X,Secondary,2,The Millennium School Lucknow
386800,30,38,28,IX,Secondary,2,The Millennium School Lucknow
386810,28,31,30,XII,Senior Secondary,2,The Millennium School Lucknow
386821,40,38,28,X,Secondary,2,The Millennium School Lucknow
386832,32,38,33,X,Secondary,2,The Millennium School Lucknow
386847,26,38,30,IX,Secondary,2,The Millennium School Lucknow
386851,30,37,31,XII,Senior Secondary,2,The Millennium School Lucknow
386852,34,38,38,XII,Senior Secondary,2,The Millennium School Lucknow
386853,30,34,34,XII,Senior Secondary,2,The Millennium School Lucknow
386882,29,40,37,X,Secondary,2,The Millennium School Lucknow
386894,49,48,48,XI,Senior Secondary,2,The Millennium School Lucknow
386914,29,22,26,XII,Senior Secondary,2,The Millennium School Lucknow
386925,34,36,38,XII,Senior Secondary,2,The Millennium School Lucknow
387001,29,40,30,VII,Middle,2,The Millennium School Lucknow
387005,30,39,29,XII,Senior Secondary,2,The Millennium School Lucknow
387007,41,43,41,VIII,Middle,2,The Millennium School Lucknow
387021,39,35,31,VII,Middle,2,The Millennium School Lucknow
398002,25,35,25,X,Secondary,1,Mussoorie International School
398016,36,41,40,VIII,Middle,1,Mussoorie International School
398017,22,42,25,X,Secondary,1,Mussoorie International School
398022,29,39,33,X,Secondary,1,Mussoorie International School
398024,29,40,30,X,Secondary,1,Mussoorie International School
398038,34,34,32,X,Secondary,1,Mussoorie International School
398044,34,39,39,VIII,Middle,1,Mussoorie International School
398047,22,31,34,XII,Senior Secondary,1,Mussoorie International School
398050,30,36,32,X,Secondary,1,Mussoorie International School
398055,35,36,38,X,Secondary,1,Mussoorie International School
398147,37,30,29,XII,Senior Secondary,1,Mussoorie International School
406191,33,44,43,IX,Secondary,2,The Millennium School Lucknow
406192,39,40,37,X,Secondary,2,The Millennium School Lucknow
406197,38,45,42,X,Secondary,2,The Millennium School Lucknow
406200,38,39,36,VIII,Middle,2,The Millennium School Lucknow
406228,36,34,34,XII,Senior Secondary,2,The Millennium School Lucknow
406239,32,37,28,XI,Senior Secondary,2,The Millennium School Lucknow
406241,34,37,38,XII,Senior Secondary,2,The Millennium School Lucknow
406242,36,45,39,VI,Middle,2,The Millennium School Lucknow
406253,32,39,38,VIII,Middle,2,The Millennium School Lucknow
406264,38,43,45,VII,Middle,2,The Millennium School Lucknow
406267,35,40,36,XII,Senior Secondary,2,The Millennium School Lucknow
406271,31,32,32,XII,Senior Secondary,2,The Millennium School Lucknow
406274,41,40,37,IX,Secondary,2,The Millennium School Lucknow
406275,44,49,42,VI,Middle,2,The Millennium School Lucknow
406281,35,18,31,X,Secondary,2,The Millennium School Lucknow
406282,26,35,29,XII,Senior Secondary,2,The Millennium School Lucknow
406283,25,44,29,X,Secondary,2,The Millennium School Lucknow
406292,34,32,37,XII,Senior Secondary,2,The Millennium School Lucknow
406301,29,28,30,X,Secondary,2,The Millennium School Lucknow
406319,31,43,40,X,Secondary,2,The Millennium School Lucknow
406320,35,46,33,XII,Senior Secondary,2,The Millennium School Lucknow
406322,40,47,40,XII,Senior Secondary,2,The Millennium School Lucknow
406355,40,37,40,X,Secondary,2,The Millennium School Lucknow
406365,41,43,41,X,Secondary,2,The Millennium School Lucknow
406385,30,27,32,X,Secondary,2,The Millennium School Lucknow
406389,37,38,43,IX,Secondary,2,The Millennium School Lucknow
406418,36,37,34,XI,Senior Secondary,2,The Millennium School Lucknow
406421,31,33,26,XII,Senior Secondary,2,The Millennium School Lucknow
406579,24,30,27,VI,Middle,2,The Millennium School Lucknow
406772,42,42,34,X,Secondary,35,"The Millennium School, Bathinda"
406896,33,38,25,XII,Senior Secondary,54,Psbb Millennium School Cuddalore
406898,31,39,29,XII,Senior Secondary,54,Psbb Millennium School Cuddalore
406902,31,39,34,XII,Senior Secondary,54,Psbb Millennium School Cuddalore
406908,29,44,33,XII,Senior Secondary,54,Psbb Millennium School Cuddalore
406915,27,28,29,XII,Senior Secondary,54,Psbb Millennium School Cuddalore
407034,44,41,47,VIII,Middle,4,"The Millennium School, Panipat"
407036,39,39,30,IX,Secondary,4,"The Millennium School, Panipat"
407047,34,32,31,IX,Secondary,4,"The Millennium School, Panipat"
407072,35,44,38,IX,Secondary,4,"The Millennium School, Panipat"
407108,40,46,47,IX,Secondary,4,"The Millennium School, Panipat"
407115,44,44,45,IX,Secondary,4,"The Millennium School, Panipat"
407140,30,31,30,X,Secondary,4,"The Millennium School, Panipat"
407146,36,42,36,VIII,Middle,4,"The Millennium School, Panipat"
407153,34,42,34,IX,Secondary,4,"The Millennium School, Panipat"
407169,32,34,36,XI,Senior Secondary,4,"The Millennium School, Panipat"
407208,39,34,30,X,Secondary,4,"The Millennium School, Panipat"
407217,44,40,38,VII,Middle,4,"The Millennium School, Panipat"
407226,37,43,45,IX,Secondary,4,"The Millennium School, Panipat"
407627,43,42,42,IX,Secondary,57,"The Millennium School, Indore"
407628,36,23,22,X,Secondary,57,"The Millennium School, Indore"
407630,39,35,30,XII,Senior Secondary,57,"The Millennium School, Indore"
407641,38,37,29,VIII,Middle,57,"The Millennium School, Indore"
407654,40,42,42,IX,Secondary,57,"The Millennium School, Indore"
407656,31,39,32,IX,Secondary,57,"The Millennium School, Indore"
407661,33,38,36,X,Secondary,57,"The Millennium School, Indore"
407662,35,34,33,XII,Senior Secondary,57,"The Millennium School, Indore"
407664,36,41,31,XI,Senior Secondary,57,"The Millennium School, Indore"
407666,22,35,27,XI,Senior Secondary,57,"The Millennium School, Indore"
407667,36,42,36,IX,Secondary,57,"The Millennium School, Indore"
407669,35,41,42,IX,Secondary,57,"The Millennium School, Indore"
407670,29,40,39,VIII,Middle,57,"The Millennium School, Indore"
407672,35,31,30,XI,Senior Secondary,57,"The Millennium School, Indore"
407675,34,44,44,X,Secondary,57,"The Millennium School, Indore"
407686,34,38,35,VII,Middle,57,"The Millennium School, Indore"
408229,40,46,45,VII,Middle,87,"The Shriram Millennium School, Faridabad"
408312,31,34,36,VII,Middle,13,"The Shriram Millennium School, Noida-135"
408336,32,26,28,VIII,Middle,87,"The Shriram Millennium School, Faridabad"
408711,33,36,34,IX,Secondary,89,"The Millennium School, Amritsar"
408899,28,36,30,XI,Senior Secondary,47,The Psbb Millennium Coimbatore
409416,27,30,34,VIII,Middle,49,"Psbb Lla, Bengaluru"
409806,27,27,27,VIII,Middle,22,The Psbb Millennium School Omr
409983,35,31,32,VI,Middle,50,"The Psbb Millennium Gerugambakkam, Chennai"
410189,39,43,39,X,Secondary,50,"The Psbb Millennium Gerugambakkam, Chennai"
410288,15,37,26,IX,Secondary,50,"The Psbb Millennium Gerugambakkam, Chennai"
410291,31,33,31,XI,Senior Secondary,50,"The Psbb Millennium Gerugambakkam, Chennai"
410815,28,34,31,XII,Senior Secondary,50,"The Psbb Millennium Gerugambakkam, Chennai"
410870,36,38,34,XI,Senior Secondary,50,"The Psbb Millennium Gerugambakkam, Chennai"
411804,30,33,38,IX,Secondary,47,The Psbb Millennium Coimbatore
412441,29,33,33,XII,Senior Secondary,1,Mussoorie International School
412465,40,45,35,X,Secondary,1,Mussoorie International School
412466,32,36,32,X,Secondary,1,Mussoorie International School
412476,40,42,42,VIII,Middle,1,Mussoorie International School
412482,44,41,37,VIII,Middle,1,Mussoorie International School
412485,29,40,31,VIII,Middle,1,Mussoorie International School
413217,41,39,40,VIII,Middle,35,"The Millennium School, Bathinda"
413268,29,37,33,XII,Senior Secondary,57,"The Millennium School, Indore"
413274,36,36,31,XI,Senior Secondary,57,"The Millennium School, Indore"
413349,45,37,36,VIII,Middle,1,Mussoorie International School
413350,31,38,29,X,Secondary,1,Mussoorie International School
413352,36,42,36,VIII,Middle,1,Mussoorie International School
413385,36,38,34,VIII,Middle,35,"The Millennium School, Bathinda"
413506,34,38,40,VI,Middle,50,"The Psbb Millennium Gerugambakkam, Chennai"
413757,29,37,37,IX,Secondary,50,"The Psbb Millennium Gerugambakkam, Chennai"
413893,31,37,31,VI,Middle,3,"The Millennium School, Noida 41"
413920,33,40,41,X,Secondary,54,Psbb Millennium School Cuddalore
413935,38,45,41,X,Secondary,54,Psbb Millennium School Cuddalore
414027,38,41,39,X,Secondary,57,"The Millennium School, Indore"
414030,37,41,45,IX,Secondary,57,"The Millennium School, Indore"
414032,27,31,33,XII,Senior Secondary,57,"The Millennium School, Indore"
414033,24,22,24,X,Secondary,57,"The Millennium School, Indore"
414035,39,38,33,XI,Senior Secondary,57,"The Millennium School, Indore"
414038,36,37,32,X,Secondary,57,"The Millennium School, Indore"
414245,27,31,28,XII,Senior Secondary,2,The Millennium School Lucknow
414249,35,42,39,X,Secondary,2,The Millennium School Lucknow
414262,36,43,38,XI,Senior Secondary,2,The Millennium School Lucknow
414288,31,38,37,IX,Secondary,2,The Millennium School Lucknow
414289,35,44,34,XI,Senior Secondary,2,The Millennium School Lucknow
414319,33,41,37,XII,Senior Secondary,2,The Millennium School Lucknow
414323,37,41,40,XII,Senior Secondary,2,The Millennium School Lucknow
414350,25,38,34,IX,Secondary,2,The Millennium School Lucknow
414523,36,34,35,IX,Secondary,90,The Millennium School Noida 119
414874,37,41,42,XI,Senior Secondary,4,"The Millennium School, Panipat"
414876,29,46,50,VII,Middle,4,"The Millennium School, Panipat"
414896,34,42,44,IX,Secondary,4,"The Millennium School, Panipat"
414900,27,27,32,VIII,Middle,4,"The Millennium School, Panipat"
414906,35,36,32,X,Secondary,4,"The Millennium School, Panipat"
414907,39,38,37,XI,Senior Secondary,4,"The Millennium School, Panipat"
414919,33,44,41,IX,Secondary,4,"The Millennium School, Panipat"
414924,41,41,38,IX,Secondary,4,"The Millennium School, Panipat"
414939,38,38,34,VII,Middle,4,"The Millennium School, Panipat"
414954,39,40,31,VIII,Middle,4,"The Millennium School, Panipat"
414965,38,42,41,VI,Middle,4,"The Millennium School, Panipat"
414989,43,44,38,IX,Secondary,4,"The Millennium School, Panipat"
415006,26,33,34,XII,Senior Secondary,4,"The Millennium School, Panipat"
417470,31,44,34,XI,Senior Secondary,89,"The Millennium School, Amritsar"
417667,30,45,36,XI,Senior Secondary,44,"The Millennium School, Patiala"
417850,36,38,36,VII,Middle,2,The Millennium School Lucknow
417857,33,40,41,VIII,Middle,2,The Millennium School Lucknow
417863,24,34,27,XII,Senior Secondary,2,The Millennium School Lucknow
417886,35,40,37,VIII,Middle,2,The Millennium School Lucknow
417895,41,42,45,VIII,Middle,2,The Millennium School Lucknow
417916,36,39,31,XI,Senior Secondary,2,The Millennium School Lucknow
417946,37,34,35,XI,Senior Secondary,2,The Millennium School Lucknow
417962,26,34,23,XI,Senior Secondary,2,The Millennium School Lucknow
417990,29,36,36,XII,Senior Secondary,2,The Millennium School Lucknow
418159,35,41,37,XII,Senior Secondary,2,The Millennium School Lucknow
419085,43,42,33,VII,Middle,45,"The Millennium School, Kurukshetra"
420073,26,42,34,IX,Secondary,4295,Email Check
420201,28,33,42,X,Secondary,1,Mussoorie International School
420217,33,36,40,VIII,Middle,1,Mussoorie International School
420226,43,41,40,X,Secondary,1,Mussoorie International School
420308,36,40,31,X,Secondary,47,The Psbb Millennium Coimbatore
420437,36,33,29,XII,Senior Secondary,54,Psbb Millennium School Cuddalore
420441,26,36,32,XII,Senior Secondary,54,Psbb Millennium School Cuddalore
420443,33,43,35,XII,Senior Secondary,54,Psbb Millennium School Cuddalore
420444,38,42,32,XII,Senior Secondary,54,Psbb Millennium School Cuddalore
421463,33,38,38,IX,Secondary,49,"Psbb Lla, Bengaluru"
421633,31,26,30,XII,Senior Secondary,50,"The Psbb Millennium Gerugambakkam, Chennai"
421634,41,35,32,X,Secondary,50,"The Psbb Millennium Gerugambakkam, Chennai"
421657,31,36,30,VIII,Middle,50,"The Psbb Millennium Gerugambakkam, Chennai"
421732,34,39,40,X,Secondary,50,"The Psbb Millennium Gerugambakkam, Chennai"
421774,36,39,34,IX,Secondary,22,The Psbb Millennium School Omr
421821,24,24,24,XII,Senior Secondary,22,The Psbb Millennium School Omr
421918,32,35,30,X,Secondary,1,Mussoorie International School
421929,38,41,39,IX,Secondary,4,"The Millennium School, Panipat"
421939,33,37,29,IX,Secondary,4,"The Millennium School, Panipat"
422337,36,43,40,XI,Senior Secondary,57,"The Millennium School, Indore"
422339,34,45,41,XII,Senior Secondary,57,"The Millennium School, Indore"
422341,36,40,34,XI,Senior Secondary,57,"The Millennium School, Indore"
422347,27,38,33,XII,Senior Secondary,57,"The Millennium School, Indore"
422357,34,42,35,XII,Senior Secondary,57,"The Millennium School, Indore"
422361,36,37,31,XII,Senior Secondary,57,"The Millennium School, Indore"
422405,37,24,31,X,Secondary,57,"The Millennium School, Indore"
426557,42,40,47,X,Secondary,44,"The Millennium School, Patiala"
426601,38,43,43,IX,Secondary,45,"The Millennium School, Kurukshetra"
427365,34,39,36,XI,Senior Secondary,54,Psbb Millennium School Cuddalore
427366,36,40,30,X,Secondary,54,Psbb Millennium School Cuddalore
427367,35,45,41,X,Secondary,54,Psbb Millennium School Cuddalore
427373,36,31,26,XI,Senior Secondary,54,Psbb Millennium School Cuddalore
427375,34,42,41,XI,Senior Secondary,54,Psbb Millennium School Cuddalore
427376,24,32,36,IX,Secondary,54,Psbb Millennium School Cuddalore
427377,24,36,34,XI,Senior Secondary,54,Psbb Millennium School Cuddalore
427392,30,39,36,IX,Secondary,54,Psbb Millennium School Cuddalore
427409,36,33,29,VI,Middle,54,Psbb Millennium School Cuddalore
427434,30,32,36,X,Secondary,54,Psbb Millennium School Cuddalore
427437,33,44,34,X,Secondary,54,Psbb Millennium School Cuddalore
427482,31,29,38,X,Secondary,54,Psbb Millennium School Cuddalore
427932,29,33,32,XII,Senior Secondary,4,"The Millennium School, Panipat"
427967,32,39,30,VI,Middle,4,"The Millennium School, Panipat"
427987,27,39,36,XI,Senior Secondary,4,"The Millennium School, Panipat"
428001,29,40,32,IX,Secondary,4,"The Millennium School, Panipat"
428012,38,39,36,VII,Middle,4,"The Millennium School, Panipat"
428032,40,40,34,IX,Secondary,4,"The Millennium School, Panipat"
428085,38,44,43,VII,Middle,4,"The Millennium School, Panipat"
428091,32,36,36,VII,Middle,4,"The Millennium School, Panipat"
428123,39,38,33,X,Secondary,4,"The Millennium School, Panipat"
428193,40,35,35,IX,Secondary,4,"The Millennium School, Panipat"
428215,39,44,35,VIII,Middle,4,"The Millennium School, Panipat"
428245,38,39,30,IX,Secondary,4,"The Millennium School, Panipat"
428263,34,41,38,XII,Senior Secondary,4,"The Millennium School, Panipat"
428264,35,46,44,XII,Senior Secondary,4,"The Millennium School, Panipat"
428265,24,37,29,XII,Senior Secondary,4,"The Millennium School, Panipat"
428266,28,37,29,XII,Senior Secondary,4,"The Millennium School, Panipat"
428272,26,42,34,XII,Senior Secondary,4,"The Millennium School, Panipat"
428279,35,36,35,XI,Senior Secondary,4,"The Millennium School, Panipat"
428293,31,43,39,XII,Senior Secondary,4,"The Millennium School, Panipat"
428489,32,44,35,VI,Middle,4,"The Millennium School, Panipat"
428530,40,34,34,IX,Secondary,4,"The Millennium School, Panipat"
428698,40,45,46,VI,Middle,2,The Millennium School Lucknow
428700,40,35,32,VII,Middle,2,The Millennium School Lucknow
428724,34,39,39,XI,Senior Secondary,2,The Millennium School Lucknow
428729,36,40,35,VIII,Middle,2,The Millennium School Lucknow
428769,38,42,31,XI,Senior Secondary,2,The Millennium School Lucknow
428771,35,35,32,IX,Secondary,2,The Millennium School Lucknow
428783,28,37,33,XII,Senior Secondary,2,The Millennium School Lucknow
428807,41,45,41,X,Secondary,2,The Millennium School Lucknow
428810,34,36,34,IX,Secondary,2,The Millennium School Lucknow
428812,38,38,34,IX,Secondary,2,The Millennium School Lucknow
428849,27,39,43,XII,Senior Secondary,2,The Millennium School Lucknow
428851,37,40,38,IX,Secondary,2,The Millennium School Lucknow
428854,35,39,44,VIII,Middle,2,The Millennium School Lucknow
428861,37,42,37,VIII,Middle,2,The Millennium School Lucknow
428867,36,39,41,VIII,Middle,2,The Millennium School Lucknow
428899,27,37,26,XI,Senior Secondary,2,The Millennium School Lucknow
428905,32,32,29,VIII,Middle,2,The Millennium School Lucknow
428907,34,38,33,XI,Senior Secondary,2,The Millennium School Lucknow
428921,32,36,29,VIII,Middle,2,The Millennium School Lucknow
428927,39,38,38,X,Secondary,2,The Millennium School Lucknow
428928,41,36,39,X,Secondary,2,The Millennium School Lucknow
428931,36,42,40,X,Secondary,2,The Millennium School Lucknow
428946,33,40,31,XI,Senior Secondary,2,The Millennium School Lucknow
428967,31,37,31,XI,Senior Secondary,2,The Millennium School Lucknow
428971,40,43,42,X,Secondary,2,The Millennium School Lucknow
428974,36,34,37,X,Secondary,2,The Millennium School Lucknow
429017,38,45,31,XII,Senior Secondary,2,The Millennium School Lucknow
429034,43,38,33,XII,Senior Secondary,2,The Millennium School Lucknow
429055,40,44,46,VII,Middle,2,The Millennium School Lucknow
429059,41,48,41,XII,Senior Secondary,2,The Millennium School Lucknow
429070,22,33,31,X,Secondary,2,The Millennium School Lucknow
429076,33,41,37,VIII,Middle,2,The Millennium School Lucknow
429088,30,28,35,VII,Middle,2,The Millennium School Lucknow
429097,34,34,34,XII,Senior Secondary,2,The Millennium School Lucknow
429105,35,39,40,X,Secondary,2,The Millennium School Lucknow
429108,37,36,36,X,Secondary,2,The Millennium School Lucknow
429111,38,33,27,X,Secondary,2,The Millennium School Lucknow
429112,20,30,24,X,Secondary,2,The Millennium School Lucknow
429118,41,49,43,IX,Secondary,2,The Millennium School Lucknow
429120,33,43,42,VIII,Middle,2,The Millennium School Lucknow
429131,29,36,25,XII,Senior Secondary,2,The Millennium School Lucknow
429133,42,45,40,X,Secondary,2,The Millennium School Lucknow
429185,42,40,35,IX,Secondary,4,"The Millennium School, Panipat"
429412,38,41,33,X,Secondary,1,Mussoorie International School
429451,28,41,28,XII,Senior Secondary,2,The Millennium School Lucknow
429631,29,30,28,VI,Middle,22,The Psbb Millennium School Omr
429758,28,28,22,XII,Senior Secondary,89,"The Millennium School, Amritsar"
429969,32,42,23,XI,Senior Secondary,57,"The Millennium School, Indore"
429975,38,39,35,XI,Senior Secondary,57,"The Millennium School, Indore"
429986,31,35,30,X,Secondary,57,"The Millennium School, Indore"
430001,28,35,32,IX,Secondary,57,"The Millennium School, Indore"
430011,31,38,33,X,Secondary,57,"The Millennium School, Indore"
430016,27,34,28,X,Secondary,57,"The Millennium School, Indore"
430030,38,30,25,XII,Senior Secondary,57,"The Millennium School, Indore"
430037,25,38,31,VIII,Middle,57,"The Millennium School, Indore"
430039,32,35,30,XII,Senior Secondary,57,"The Millennium School, Indore"
430044,32,41,36,X,Secondary,57,"The Millennium School, Indore"
430050,27,37,30,X,Secondary,57,"The Millennium School, Indore"
430053,41,47,46,VII,Middle,57,"The Millennium School, Indore"
430057,38,43,42,VIII,Middle,57,"The Millennium School, Indore"
430060,45,43,45,VIII,Middle,57,"The Millennium School, Indore"
430391,31,34,40,VI,Middle,13,"The Shriram Millennium School, Noida-135"
431052,25,18,26,VIII,Middle,252,"The Shriram Millennium School, Gurugram"
431110,34,39,28,IX,Secondary,57,"The Millennium School, Indore"
431113,36,32,30,X,Secondary,57,"The Millennium School, Indore"
432506,28,39,35,XII,Senior Secondary,50,"The Psbb Millennium Gerugambakkam, Chennai"
432524,39,40,40,VII,Middle,54,Psbb Millennium School Cuddalore
432551,35,41,35,XII,Senior Secondary,54,Psbb Millennium School Cuddalore
432562,30,39,33,XII,Senior Secondary,54,Psbb Millennium School Cuddalore
432566,36,37,37,XII,Senior Secondary,54,Psbb Millennium School Cuddalore
435905,31,38,32,VIII,Middle,47,The Psbb Millennium Coimbatore
435919,35,40,40,IX,Secondary,47,The Psbb Millennium Coimbatore
437078,40,45,37,IX,Secondary,49,"Psbb Lla, Bengaluru"
437106,34,36,35,VIII,Middle,49,"Psbb Lla, Bengaluru"
439100,40,43,41,IX,Secondary,49,"Psbb Lla, Bengaluru"
439122,38,38,38,VIII,Middle,49,"Psbb Lla, Bengaluru"
439219,33,36,32,VI,Middle,4,"The Millennium School, Panipat"
439250,24,33,32,X,Secondary,4,"The Millennium School, Panipat"
439364,25,31,33,XI,Senior Secondary,4,"The Millennium School, Panipat"
439515,37,36,27,VI,Middle,47,The Psbb Millennium Coimbatore
439554,36,40,36,XII,Senior Secondary,47,The Psbb Millennium Coimbatore
439559,32,40,26,VIII,Middle,47,The Psbb Millennium Coimbatore
439564,31,36,37,XII,Senior Secondary,47,The Psbb Millennium Coimbatore
439613,18,31,27,XII,Senior Secondary,47,The Psbb Millennium Coimbatore
440032,24,32,26,VII,Middle,2,The Millennium School Lucknow
440041,33,32,30,VIII,Middle,2,The Millennium School Lucknow
440167,26,42,21,IX,Secondary,2,The Millennium School Lucknow
440172,25,40,34,VII,Middle,2,The Millennium School Lucknow
440791,38,38,36,IX,Secondary,50,"The Psbb Millennium Gerugambakkam, Chennai"
440796,40,39,38,XI,Senior Secondary,50,"The Psbb Millennium Gerugambakkam, Chennai"
440829,38,49,47,X,Secondary,50,"The Psbb Millennium Gerugambakkam, Chennai"
440831,38,41,41,IX,Secondary,50,"The Psbb Millennium Gerugambakkam, Chennai"
440893,33,38,36,X,Secondary,50,"The Psbb Millennium Gerugambakkam, Chennai"
440902,38,37,34,VIII,Middle,50,"The Psbb Millennium Gerugambakkam, Chennai"
441048,37,45,41,VII,Middle,50,"The Psbb Millennium Gerugambakkam, Chennai"
442116,34,38,38,VIII,Middle,89,"The Millennium School, Amritsar"
442426,39,45,42,VI,Middle,44,"The Millennium School, Patiala"
442607,39,37,38,X,Secondary,13,"The Shriram Millennium School, Noida-135"
442609,38,42,45,IX,Secondary,13,"The Shriram Millennium School, Noida-135"
443760,34,40,41,VII,Middle,252,"The Shriram Millennium School, Gurugram"
444067,34,32,29,X,Secondary,22,The Psbb Millennium School Omr
444080,18,28,18,X,Secondary,22,The Psbb Millennium School Omr
444081,31,25,21,IX,Secondary,22,The Psbb Millennium School Omr
444157,27,35,27,XII,Senior Secondary,22,The Psbb Millennium School Omr
444217,29,35,28,XII,Senior Secondary,22,The Psbb Millennium School Omr
444608,31,36,32,VIII,Middle,89,"The Millennium School, Amritsar"
444716,37,33,34,XI,Senior Secondary,3,"The Millennium School, Noida 41"
444764,35,33,36,XII,Senior Secondary,45,"The Millennium School, Kurukshetra"
445013,31,36,32,VII,Middle,57,"The Millennium School, Indore"
445988,32,35,32,IX,Secondary,35,"The Millennium School, Bathinda"
459550,37,31,32,VI,Middle,297,Health Demo School
460691,34,38,40,VII,Middle,47,The Psbb Millennium Coimbatore
460745,28,39,34,IX,Secondary,47,The Psbb Millennium Coimbatore
460773,29,26,29,XII,Senior Secondary,47,The Psbb Millennium Coimbatore
461191,36,38,38,VII,Middle,50,"The Psbb Millennium Gerugambakkam, Chennai"
461201,33,38,38,VIII,Middle,50,"The Psbb Millennium Gerugambakkam, Chennai"
461206,20,38,30,VIII,Middle,50,"The Psbb Millennium Gerugambakkam, Chennai"
461236,39,39,34,IX,Secondary,50,"The Psbb Millennium Gerugambakkam, Chennai"
463335,27,34,36,IX,Secondary,50,"The Psbb Millennium Gerugambakkam, Chennai"
464150,31,36,32,VIII,Middle,22,The Psbb Millennium School Omr
464989,31,37,30,VII,Middle,252,"The Shriram Millennium School, Gurugram"
465977,38,37,36,VII,Middle,2,The Millennium School Lucknow
489072,30,36,29,IX,Secondary,45,"The Millennium School, Kurukshetra"
489839,23,39,33,XI,Senior Secondary,47,The Psbb Millennium Coimbatore
492713,38,39,43,XI,Senior Secondary,50,"The Psbb Millennium Gerugambakkam, Chennai"
492921,38,40,45,VIII,Middle,22,The Psbb Millennium School Omr